2026-08-05 08:41:21 - floosball.api_server - INFO - Game broadcasting enabled
2026-08-05 08:41:21 - floosball.api_server - INFO - FloosballApplication initialized successfully
2026-08-05 08:41:21 - floosball.api_server - INFO - Starting API server on http://0.0.0.0:11800
2026-08-05 08:41:21 - floosball.api_server - INFO - API documentation: http://localhost:11800/docs
2026-08-05 08:41:21 - floosball.api_server - INFO - WebSocket endpoints:
2026-08-05 08:41:21 - floosball.api_server - INFO -   - ws://localhost:8000/ws/game/{game_id}
2026-08-05 08:41:21 - floosball.api_server - INFO -   - ws://localhost:8000/ws/season
2026-08-05 08:41:21 - floosball.api_server - INFO -   - ws://localhost:8000/ws/standings
2026-08-05 08:41:21 - floosball.api_server - INFO - ============================================================
2026-08-05 08:41:21 - floosball.application - INFO - Starting league simulation
2026-08-05 08:41:21 - floosball.application - INFO - Starting new simulation - 10 seasons
2026-08-05 08:41:21 - floosball.application - INFO - Simulating 10 seasons
2026-08-05 08:41:21 - floosball.application - INFO - === SEASON 1 ===
2026-08-05 08:41:21 - floosball.seasonManager - INFO - Starting season 1
2026-08-05 08:41:21 - floosball.leagueManager - INFO - Cleared season data for all leagues
2026-08-05 08:41:21 - floosball.team_manager - INFO - Cleared season stats for all teams
2026-08-05 08:41:21 - floosball.seasonManager - INFO - Creating season schedule using original algorithm
2026-08-05 08:41:21 - floosball.seasonManager - INFO - Divisional schedule: 7 division + 8 cross-division + 6 interleague + 7 division (run-in) = 28 weeks
2026-08-05 08:41:21 - floosball.seasonManager - INFO - Created 38-week schedule with 28 games
2026-08-05 08:41:21 - floosball.seasonManager - INFO - Funding tiers assigned for season 1: {'MID_MARKET': 32}
2026-08-05 08:41:21 - floosball.seasonManager - INFO - Initialized team funding for season 1 (baseline=200F)
2026-08-05 08:41:21 - floosball.team_manager - INFO - Setting prior-season pressure baselines for season 1
2026-08-05 08:41:21 - floosball.team_manager - INFO - Prior-season pressure baselines set
2026-08-05 08:41:21 - floosball.seasonManager - INFO - Parity re-map skipped — pool already on curve (20% 4-5-star)
2026-08-05 08:41:21 - floosball.cardManager - INFO - Generated 576 card templates for season 1 (576 classified)
2026-08-05 08:41:21 - floosball.seasonManager - INFO - Card template generation complete: 576 templates for season 1
2026-08-05 08:41:21 - floosball.playerManager - INFO - Rating history: snapshotted 192 new entries for season 1
2026-08-05 08:41:21 - floosball.playerManager - INFO - Saving player data to database
2026-08-05 08:41:21 - floosball.playerManager - INFO - Saved 192 players to database (192 active, 0 retired)
2026-08-05 08:41:21 - floosball.playerManager - INFO - Team assignment stats: 192 with teams, 0 free agents, 0 retired, 0 null teams, 0 errors
2026-08-05 08:41:21 - floosball.playerManager - INFO - Freeze legacy dev-arc (dryRun=False): 2 players, 2 attrs
2026-08-05 08:41:21 - floosball.seasonManager - INFO - Legacy dev-arc freeze complete: {'frozen': 2, 'attrsChanged': 2}
2026-08-05 08:41:21 - floosball.seasonManager - INFO - Saved season 1 to database
2026-08-05 08:41:21 - floosball.seasonManager - INFO - Season 1 initialized with 28 games
2026-08-05 08:41:21 - floosball.seasonManager - INFO - Running simulation for season 1
2026-08-05 08:41:21 - floosball.seasonManager - INFO - Opened game stats file: logs/game_stats_season_1.txt
2026-08-05 08:41:21 - floosball.seasonManager - INFO - Simulating Week 1 in fast mode
2026-08-05 08:41:21 - floosball.seasonManager - INFO - Weekly modifier for S1W1: Payday
2026-08-05 08:41:21 - floosball.seasonManager - INFO - Weekly modifier already set for S1W1: payday
2026-08-05 08:41:21 - floosball.seasonManager - INFO - Weekly modifier for S1W2: Frenzy
2026-08-05 08:41:21 - floosball.seasonManager - INFO - Weekly modifier for S1W3: Synergy
2026-08-05 08:41:21 - floosball.seasonManager - INFO - Weekly modifier for S1W4: Fortunate
2026-08-05 08:41:21 - floosball.seasonManager - INFO - Weekly modifier for S1W5: Longshot
2026-08-05 08:41:21 - floosball.seasonManager - INFO - Weekly modifier for S1W6: Ironclad
2026-08-05 08:41:21 - floosball.seasonManager - INFO - Weekly modifier for S1W7: Amplify
2026-08-05 08:41:21 - floosball.rulevote - INFO - Rule vote OPEN: S1 day 0 kind=change options=[{'key': 'gf_innings_3', 'label': 'Innings (3, try-driven)', 'patch': {'gameFormat': 'innings', 'inningsPerGame': 3, 'triesPerInning': 3}, 'field': None, 'value': None}, {'key': 'gf_chess_clock_30', 'label': 'Chess Clock (30:00 each)', 'patch': {'gameFormat': 'chess_clock', 'offenseClockBudgetSeconds': 1800}, 'field': None, 'value': None}, {'key': 'gf_frames_6', 'label': 'Frames (6, match play)', 'patch': {'gameFormat': 'frames', 'framesPerGame': 6}, 'field': None, 'value': None}] closes=2026-08-05 12:42:21.519510
2026-08-05 08:41:21 - floosball.anomaly - INFO - Seeded LeagueAnomalyState season=1 threshold=1000000000 (hidden)
2026-08-05 08:41:21 - floosball.anomaly - INFO - Anomaly weekly tick complete — season 1, week 1
2026-08-05 08:41:21 - floosball.backup - INFO - DB backup loop: first in 300s, then every 24.0h, keeping 7.
2026-08-05 08:41:21 - floosball.api - INFO - Starting Floosball API server
2026-08-05 08:41:21 - floosball.game_broadcaster - INFO - Main event loop registered for cross-thread broadcasts
2026-08-05 08:41:21 - floosball.api - INFO - API server ready - waiting for FloosballApplication initialization
2026-08-05 08:41:23 - floosball.playerManager - INFO - Calculating performance ratings for week 1
2026-08-05 08:41:23 - floosball.playerManager - INFO - Performance ratings calculated for week 1
2026-08-05 08:41:23 - floosball.team_manager - INFO - Sorted defense tiers for all teams
2026-08-05 08:41:23 - floosball.seasonManager - INFO - Saved team season stats for season 1
2026-08-05 08:41:23 - floosball.playerManager - INFO - Saving player data to database
2026-08-05 08:41:23 - floosball.playerManager - INFO - Saved 192 players to database (192 active, 0 retired)
2026-08-05 08:41:23 - floosball.playerManager - INFO - Team assignment stats: 192 with teams, 0 free agents, 0 retired, 0 null teams, 0 errors
2026-08-05 08:41:23 - floosball.seasonManager - INFO - Showcase dividends paid to 0 users (S1 wk1)
2026-08-05 08:41:23 - floosball.supporter - INFO - Supporter accrual s1 w1: 0/0 fans credited
2026-08-05 08:41:23 - floosball.seasonManager - INFO - Pick-em resolved for S1W1: 0 users
2026-08-05 08:41:23 - floosball.seasonManager - INFO - Unlocked equipped cards for week 1
2026-08-05 08:41:23 - floosball.seasonManager - INFO - Simulating Week 2 in fast mode
2026-08-05 08:41:23 - floosball.seasonManager - INFO - Weekly modifier already set for S1W2: frenzy
2026-08-05 08:41:23 - floosball.seasonManager - INFO - Weekly modifier already set for S1W1: payday
2026-08-05 08:41:23 - floosball.seasonManager - INFO - Weekly modifier already set for S1W2: frenzy
2026-08-05 08:41:23 - floosball.seasonManager - INFO - Weekly modifier already set for S1W3: synergy
2026-08-05 08:41:23 - floosball.seasonManager - INFO - Weekly modifier already set for S1W4: fortunate
2026-08-05 08:41:23 - floosball.seasonManager - INFO - Weekly modifier already set for S1W5: longshot
2026-08-05 08:41:23 - floosball.seasonManager - INFO - Weekly modifier already set for S1W6: ironclad
2026-08-05 08:41:23 - floosball.seasonManager - INFO - Weekly modifier already set for S1W7: amplify
2026-08-05 08:41:23 - floosball.anomaly - INFO - Anomaly weekly tick complete — season 1, week 2
2026-08-05 08:41:23 - floosball.seasonManager - INFO - Memory cleanup: cleared play-by-play data from 16 completed games
2026-08-05 08:41:25 - floosball.playerManager - INFO - Calculating performance ratings for week 2
2026-08-05 08:41:25 - floosball.playerManager - INFO - Performance ratings calculated for week 2
2026-08-05 08:41:25 - floosball.team_manager - INFO - Sorted defense tiers for all teams
2026-08-05 08:41:25 - floosball.seasonManager - INFO - Saved team season stats for season 1
2026-08-05 08:41:25 - floosball.playerManager - INFO - Saving player data to database
2026-08-05 08:41:25 - floosball.playerManager - INFO - Saved 192 players to database (192 active, 0 retired)
2026-08-05 08:41:25 - floosball.playerManager - INFO - Team assignment stats: 192 with teams, 0 free agents, 0 retired, 0 null teams, 0 errors
2026-08-05 08:41:25 - floosball.seasonManager - INFO - Showcase dividends paid to 0 users (S1 wk2)
2026-08-05 08:41:25 - floosball.supporter - INFO - Supporter accrual s1 w2: 0/0 fans credited
2026-08-05 08:41:25 - floosball.seasonManager - INFO - Pick-em resolved for S1W2: 0 users
2026-08-05 08:41:25 - floosball.seasonManager - INFO - Unlocked equipped cards for week 2
2026-08-05 08:41:25 - floosball.seasonManager - INFO - Simulating Week 3 in fast mode
2026-08-05 08:41:25 - floosball.seasonManager - INFO - Weekly modifier already set for S1W3: synergy
2026-08-05 08:41:25 - floosball.seasonManager - INFO - Weekly modifier already set for S1W1: payday
2026-08-05 08:41:25 - floosball.seasonManager - INFO - Weekly modifier already set for S1W2: frenzy
2026-08-05 08:41:25 - floosball.seasonManager - INFO - Weekly modifier already set for S1W3: synergy
2026-08-05 08:41:25 - floosball.seasonManager - INFO - Weekly modifier already set for S1W4: fortunate
2026-08-05 08:41:25 - floosball.seasonManager - INFO - Weekly modifier already set for S1W5: longshot
2026-08-05 08:41:25 - floosball.seasonManager - INFO - Weekly modifier already set for S1W6: ironclad
2026-08-05 08:41:25 - floosball.seasonManager - INFO - Weekly modifier already set for S1W7: amplify
2026-08-05 08:41:25 - floosball.anomaly - INFO - Anomaly weekly tick complete — season 1, week 3
2026-08-05 08:41:25 - floosball.seasonManager - INFO - Memory cleanup: cleared play-by-play data from 16 completed games
2026-08-05 08:41:26 - floosball.playerManager - INFO - Calculating performance ratings for week 3
2026-08-05 08:41:26 - floosball.playerManager - INFO - Performance ratings calculated for week 3
2026-08-05 08:41:26 - floosball.team_manager - INFO - Sorted defense tiers for all teams
2026-08-05 08:41:26 - floosball.seasonManager - INFO - Saved team season stats for season 1
2026-08-05 08:41:26 - floosball.playerManager - INFO - Saving player data to database
2026-08-05 08:41:26 - floosball.playerManager - INFO - Saved 192 players to database (192 active, 0 retired)
2026-08-05 08:41:26 - floosball.playerManager - INFO - Team assignment stats: 192 with teams, 0 free agents, 0 retired, 0 null teams, 0 errors
2026-08-05 08:41:27 - floosball.seasonManager - INFO - Showcase dividends paid to 0 users (S1 wk3)
2026-08-05 08:41:27 - floosball.supporter - INFO - Supporter accrual s1 w3: 0/0 fans credited
2026-08-05 08:41:27 - floosball.seasonManager - INFO - Pick-em resolved for S1W3: 0 users
2026-08-05 08:41:27 - floosball.seasonManager - INFO - Unlocked equipped cards for week 3
2026-08-05 08:41:27 - floosball.seasonManager - INFO - Simulating Week 4 in fast mode
2026-08-05 08:41:27 - floosball.seasonManager - INFO - Weekly modifier already set for S1W4: fortunate
2026-08-05 08:41:27 - floosball.seasonManager - INFO - Weekly modifier already set for S1W1: payday
2026-08-05 08:41:27 - floosball.seasonManager - INFO - Weekly modifier already set for S1W2: frenzy
2026-08-05 08:41:27 - floosball.seasonManager - INFO - Weekly modifier already set for S1W3: synergy
2026-08-05 08:41:27 - floosball.seasonManager - INFO - Weekly modifier already set for S1W4: fortunate
2026-08-05 08:41:27 - floosball.seasonManager - INFO - Weekly modifier already set for S1W5: longshot
2026-08-05 08:41:27 - floosball.seasonManager - INFO - Weekly modifier already set for S1W6: ironclad
2026-08-05 08:41:27 - floosball.seasonManager - INFO - Weekly modifier already set for S1W7: amplify
2026-08-05 08:41:27 - floosball.anomaly - INFO - Anomaly weekly tick complete — season 1, week 4
2026-08-05 08:41:27 - floosball.seasonManager - INFO - Memory cleanup: cleared play-by-play data from 16 completed games
2026-08-05 08:41:28 - floosball.playerManager - INFO - Calculating performance ratings for week 4
2026-08-05 08:41:28 - floosball.playerManager - INFO - Performance ratings calculated for week 4
2026-08-05 08:41:28 - floosball.team_manager - INFO - Sorted defense tiers for all teams
2026-08-05 08:41:28 - floosball.seasonManager - INFO - Saved team season stats for season 1
2026-08-05 08:41:28 - floosball.playerManager - INFO - Saving player data to database
2026-08-05 08:41:28 - floosball.playerManager - INFO - Saved 192 players to database (192 active, 0 retired)
2026-08-05 08:41:28 - floosball.playerManager - INFO - Team assignment stats: 192 with teams, 0 free agents, 0 retired, 0 null teams, 0 errors
2026-08-05 08:41:28 - floosball.seasonManager - INFO - Showcase dividends paid to 0 users (S1 wk4)
2026-08-05 08:41:28 - floosball.supporter - INFO - Supporter accrual s1 w4: 0/0 fans credited
2026-08-05 08:41:28 - floosball.seasonManager - INFO - Pick-em resolved for S1W4: 0 users
2026-08-05 08:41:28 - floosball.seasonManager - INFO - Unlocked equipped cards for week 4
2026-08-05 08:41:28 - floosball.seasonManager - INFO - Simulating Week 5 in fast mode
2026-08-05 08:41:28 - floosball.seasonManager - INFO - Weekly modifier already set for S1W5: longshot
2026-08-05 08:41:28 - floosball.seasonManager - INFO - Weekly modifier already set for S1W1: payday
2026-08-05 08:41:28 - floosball.seasonManager - INFO - Weekly modifier already set for S1W2: frenzy
2026-08-05 08:41:28 - floosball.seasonManager - INFO - Weekly modifier already set for S1W3: synergy
2026-08-05 08:41:28 - floosball.seasonManager - INFO - Weekly modifier already set for S1W4: fortunate
2026-08-05 08:41:28 - floosball.seasonManager - INFO - Weekly modifier already set for S1W5: longshot
2026-08-05 08:41:28 - floosball.seasonManager - INFO - Weekly modifier already set for S1W6: ironclad
2026-08-05 08:41:28 - floosball.seasonManager - INFO - Weekly modifier already set for S1W7: amplify
2026-08-05 08:41:28 - floosball.anomaly - INFO - Anomaly weekly tick complete — season 1, week 5
2026-08-05 08:41:28 - floosball.seasonManager - INFO - Memory cleanup: cleared play-by-play data from 16 completed games
2026-08-05 08:41:30 - floosball.playerManager - INFO - Calculating performance ratings for week 5
2026-08-05 08:41:30 - floosball.playerManager - INFO - Performance ratings calculated for week 5
2026-08-05 08:41:30 - floosball.team_manager - INFO - Sorted defense tiers for all teams
2026-08-05 08:41:30 - floosball.seasonManager - INFO - Saved team season stats for season 1
2026-08-05 08:41:30 - floosball.playerManager - INFO - Saving player data to database
2026-08-05 08:41:30 - floosball.playerManager - INFO - Saved 192 players to database (192 active, 0 retired)
2026-08-05 08:41:30 - floosball.playerManager - INFO - Team assignment stats: 192 with teams, 0 free agents, 0 retired, 0 null teams, 0 errors
2026-08-05 08:41:30 - floosball.seasonManager - INFO - Showcase dividends paid to 0 users (S1 wk5)
2026-08-05 08:41:30 - floosball.supporter - INFO - Supporter accrual s1 w5: 0/0 fans credited
2026-08-05 08:41:30 - floosball.seasonManager - INFO - Pick-em resolved for S1W5: 0 users
2026-08-05 08:41:30 - floosball.seasonManager - INFO - Unlocked equipped cards for week 5
2026-08-05 08:41:30 - floosball.seasonManager - INFO - Simulating Week 6 in fast mode
2026-08-05 08:41:30 - floosball.seasonManager - INFO - Weekly modifier already set for S1W6: ironclad
2026-08-05 08:41:30 - floosball.seasonManager - INFO - Weekly modifier already set for S1W1: payday
2026-08-05 08:41:30 - floosball.seasonManager - INFO - Weekly modifier already set for S1W2: frenzy
2026-08-05 08:41:30 - floosball.seasonManager - INFO - Weekly modifier already set for S1W3: synergy
2026-08-05 08:41:30 - floosball.seasonManager - INFO - Weekly modifier already set for S1W4: fortunate
2026-08-05 08:41:30 - floosball.seasonManager - INFO - Weekly modifier already set for S1W5: longshot
2026-08-05 08:41:30 - floosball.seasonManager - INFO - Weekly modifier already set for S1W6: ironclad
2026-08-05 08:41:30 - floosball.seasonManager - INFO - Weekly modifier already set for S1W7: amplify
2026-08-05 08:41:30 - floosball.anomaly - INFO - Adaptive threshold locked (season=1, week=6): observed over-cap=0, plateauEst=0 -> threshold=120 (hidden)
2026-08-05 08:41:30 - floosball.anomaly - INFO - Anomaly weekly tick complete — season 1, week 6
2026-08-05 08:41:30 - floosball.seasonManager - INFO - Memory cleanup: cleared play-by-play data from 16 completed games
2026-08-05 08:41:31 - floosball.playerManager - INFO - Calculating performance ratings for week 6
2026-08-05 08:41:31 - floosball.playerManager - INFO - Performance ratings calculated for week 6
2026-08-05 08:41:31 - floosball.team_manager - INFO - Sorted defense tiers for all teams
2026-08-05 08:41:31 - floosball.seasonManager - INFO - Saved team season stats for season 1
2026-08-05 08:41:31 - floosball.playerManager - INFO - Saving player data to database
2026-08-05 08:41:32 - floosball.playerManager - INFO - Saved 192 players to database (192 active, 0 retired)
2026-08-05 08:41:32 - floosball.playerManager - INFO - Team assignment stats: 192 with teams, 0 free agents, 0 retired, 0 null teams, 0 errors
2026-08-05 08:41:32 - floosball.seasonManager - INFO - Showcase dividends paid to 0 users (S1 wk6)
2026-08-05 08:41:32 - floosball.supporter - INFO - Supporter accrual s1 w6: 0/0 fans credited
2026-08-05 08:41:32 - floosball.seasonManager - INFO - Pick-em resolved for S1W6: 0 users
2026-08-05 08:41:32 - floosball.seasonManager - INFO - Unlocked equipped cards for week 6
2026-08-05 08:41:32 - floosball.seasonManager - INFO - Simulating Week 7 in fast mode
2026-08-05 08:41:32 - floosball.seasonManager - INFO - Weekly modifier already set for S1W7: amplify
2026-08-05 08:41:32 - floosball.seasonManager - INFO - Weekly modifier already set for S1W1: payday
2026-08-05 08:41:32 - floosball.seasonManager - INFO - Weekly modifier already set for S1W2: frenzy
2026-08-05 08:41:32 - floosball.seasonManager - INFO - Weekly modifier already set for S1W3: synergy
2026-08-05 08:41:32 - floosball.seasonManager - INFO - Weekly modifier already set for S1W4: fortunate
2026-08-05 08:41:32 - floosball.seasonManager - INFO - Weekly modifier already set for S1W5: longshot
2026-08-05 08:41:32 - floosball.seasonManager - INFO - Weekly modifier already set for S1W6: ironclad
2026-08-05 08:41:32 - floosball.seasonManager - INFO - Weekly modifier already set for S1W7: amplify
2026-08-05 08:41:32 - floosball.anomaly - INFO - Anomaly weekly tick complete — season 1, week 7
2026-08-05 08:41:32 - floosball.seasonManager - INFO - Memory cleanup: cleared play-by-play data from 16 completed games
2026-08-05 08:41:33 - floosball.playerManager - INFO - Calculating performance ratings for week 7
2026-08-05 08:41:33 - floosball.playerManager - INFO - Performance ratings calculated for week 7
2026-08-05 08:41:33 - floosball.team_manager - INFO - Sorted defense tiers for all teams
2026-08-05 08:41:33 - floosball.seasonManager - INFO - Saved team season stats for season 1
2026-08-05 08:41:33 - floosball.playerManager - INFO - Saving player data to database
2026-08-05 08:41:33 - floosball.playerManager - INFO - Saved 192 players to database (192 active, 0 retired)
2026-08-05 08:41:33 - floosball.playerManager - INFO - Team assignment stats: 192 with teams, 0 free agents, 0 retired, 0 null teams, 0 errors
2026-08-05 08:41:33 - floosball.seasonManager - INFO - Showcase dividends paid to 0 users (S1 wk7)
2026-08-05 08:41:33 - floosball.supporter - INFO - Supporter accrual s1 w7: 0/0 fans credited
2026-08-05 08:41:33 - floosball.seasonManager - INFO - Pick-em resolved for S1W7: 0 users
2026-08-05 08:41:33 - floosball.seasonManager - INFO - Unlocked equipped cards for week 7
2026-08-05 08:41:33 - floosball.seasonManager - INFO - Simulating Week 8 in fast mode
2026-08-05 08:41:33 - floosball.seasonManager - INFO - Weekly modifier for S1W8: Steady
2026-08-05 08:41:33 - floosball.seasonManager - INFO - Weekly modifier already set for S1W8: steady
2026-08-05 08:41:33 - floosball.seasonManager - INFO - Weekly modifier for S1W9: Grounded
2026-08-05 08:41:33 - floosball.seasonManager - INFO - Weekly modifier for S1W10: Payday
2026-08-05 08:41:33 - floosball.seasonManager - INFO - Weekly modifier for S1W11: Frenzy
2026-08-05 08:41:33 - floosball.seasonManager - INFO - Weekly modifier for S1W12: Amplify
2026-08-05 08:41:33 - floosball.seasonManager - INFO - Weekly modifier for S1W13: Longshot
2026-08-05 08:41:33 - floosball.seasonManager - INFO - Weekly modifier for S1W14: Synergy
2026-08-05 08:41:33 - floosball.rulevote - INFO - Rule vote OPEN: S1 day 1 kind=change options=[{'key': 'contestedScoringEnabled', 'label': 'Contested Scoring', 'patch': {'contestedScoringEnabled': True}, 'field': 'contestedScoringEnabled', 'value': True}, {'key': 'touchdownPoints', 'label': 'Touchdown points', 'patch': {'touchdownPoints': 8.1}, 'field': 'touchdownPoints', 'value': 8.1}, {'key': 'clockStopsOnDeadBall', 'label': 'Clock stops on dead balls', 'patch': {'clockStopsOnDeadBall': False}, 'field': 'clockStopsOnDeadBall', 'value': False}, {'key': 'scoringModel', 'label': 'How the score is shown', 'patch': {'scoringModel': 'subtractive'}, 'field': 'scoringModel', 'value': 'subtractive'}] closes=2026-08-05 12:42:33.749657
2026-08-05 08:41:33 - floosball.anomaly - INFO - Anomaly weekly tick complete — season 1, week 8
2026-08-05 08:41:33 - floosball.seasonManager - INFO - Memory cleanup: cleared play-by-play data from 16 completed games
2026-08-05 08:41:35 - floosball.playerManager - INFO - Calculating performance ratings for week 8
2026-08-05 08:41:35 - floosball.playerManager - INFO - Performance ratings calculated for week 8
2026-08-05 08:41:35 - floosball.team_manager - INFO - Sorted defense tiers for all teams
2026-08-05 08:41:35 - floosball.seasonManager - INFO - Saved team season stats for season 1
2026-08-05 08:41:35 - floosball.playerManager - INFO - Saving player data to database
2026-08-05 08:41:35 - floosball.playerManager - INFO - Saved 192 players to database (192 active, 0 retired)
2026-08-05 08:41:35 - floosball.playerManager - INFO - Team assignment stats: 192 with teams, 0 free agents, 0 retired, 0 null teams, 0 errors
2026-08-05 08:41:35 - floosball.seasonManager - INFO - Showcase dividends paid to 0 users (S1 wk8)
2026-08-05 08:41:35 - floosball.supporter - INFO - Supporter accrual s1 w8: 0/0 fans credited
2026-08-05 08:41:35 - floosball.seasonManager - INFO - Pick-em resolved for S1W8: 0 users
2026-08-05 08:41:35 - floosball.seasonManager - INFO - Unlocked equipped cards for week 8
2026-08-05 08:41:35 - floosball.seasonManager - INFO - Simulating Week 9 in fast mode
2026-08-05 08:41:35 - floosball.seasonManager - INFO - Weekly modifier already set for S1W9: grounded
2026-08-05 08:41:35 - floosball.seasonManager - INFO - Weekly modifier already set for S1W8: steady
2026-08-05 08:41:35 - floosball.seasonManager - INFO - Weekly modifier already set for S1W9: grounded
2026-08-05 08:41:35 - floosball.seasonManager - INFO - Weekly modifier already set for S1W10: payday
2026-08-05 08:41:35 - floosball.seasonManager - INFO - Weekly modifier already set for S1W11: frenzy
2026-08-05 08:41:35 - floosball.seasonManager - INFO - Weekly modifier already set for S1W12: amplify
2026-08-05 08:41:35 - floosball.seasonManager - INFO - Weekly modifier already set for S1W13: longshot
2026-08-05 08:41:35 - floosball.seasonManager - INFO - Weekly modifier already set for S1W14: synergy
2026-08-05 08:41:35 - floosball.anomaly - INFO - Anomaly weekly tick complete — season 1, week 9
2026-08-05 08:41:35 - floosball.seasonManager - INFO - Memory cleanup: cleared play-by-play data from 16 completed games
2026-08-05 08:41:36 - floosball.playerManager - INFO - Calculating performance ratings for week 9
2026-08-05 08:41:36 - floosball.playerManager - INFO - Performance ratings calculated for week 9
2026-08-05 08:41:36 - floosball.team_manager - INFO - Sorted defense tiers for all teams
2026-08-05 08:41:36 - floosball.seasonManager - INFO - Saved team season stats for season 1
2026-08-05 08:41:36 - floosball.playerManager - INFO - Saving player data to database
2026-08-05 08:41:37 - floosball.playerManager - INFO - Saved 192 players to database (192 active, 0 retired)
2026-08-05 08:41:37 - floosball.playerManager - INFO - Team assignment stats: 192 with teams, 0 free agents, 0 retired, 0 null teams, 0 errors
2026-08-05 08:41:37 - floosball.seasonManager - INFO - Showcase dividends paid to 0 users (S1 wk9)
2026-08-05 08:41:37 - floosball.supporter - INFO - Supporter accrual s1 w9: 0/0 fans credited
2026-08-05 08:41:37 - floosball.seasonManager - INFO - Pick-em resolved for S1W9: 0 users
2026-08-05 08:41:37 - floosball.seasonManager - INFO - Unlocked equipped cards for week 9
2026-08-05 08:41:37 - floosball.seasonManager - INFO - Simulating Week 10 in fast mode
2026-08-05 08:41:37 - floosball.seasonManager - INFO - Weekly modifier already set for S1W10: payday
2026-08-05 08:41:37 - floosball.seasonManager - INFO - Weekly modifier already set for S1W8: steady
2026-08-05 08:41:37 - floosball.seasonManager - INFO - Weekly modifier already set for S1W9: grounded
2026-08-05 08:41:37 - floosball.seasonManager - INFO - Weekly modifier already set for S1W10: payday
2026-08-05 08:41:37 - floosball.seasonManager - INFO - Weekly modifier already set for S1W11: frenzy
2026-08-05 08:41:37 - floosball.seasonManager - INFO - Weekly modifier already set for S1W12: amplify
2026-08-05 08:41:37 - floosball.seasonManager - INFO - Weekly modifier already set for S1W13: longshot
2026-08-05 08:41:37 - floosball.seasonManager - INFO - Weekly modifier already set for S1W14: synergy
2026-08-05 08:41:37 - floosball.anomaly - INFO - Anomaly weekly tick complete — season 1, week 10
2026-08-05 08:41:37 - floosball.seasonManager - INFO - Memory cleanup: cleared play-by-play data from 16 completed games
2026-08-05 08:41:38 - floosball.playerManager - INFO - Calculating performance ratings for week 10
2026-08-05 08:41:38 - floosball.playerManager - INFO - Performance ratings calculated for week 10
2026-08-05 08:41:38 - floosball.team_manager - INFO - Sorted defense tiers for all teams
2026-08-05 08:41:38 - floosball.seasonManager - INFO - Saved team season stats for season 1
2026-08-05 08:41:38 - floosball.playerManager - INFO - Saving player data to database
2026-08-05 08:41:38 - floosball.playerManager - INFO - Saved 192 players to database (192 active, 0 retired)
2026-08-05 08:41:38 - floosball.playerManager - INFO - Team assignment stats: 192 with teams, 0 free agents, 0 retired, 0 null teams, 0 errors
2026-08-05 08:41:39 - floosball.seasonManager - INFO - Showcase dividends paid to 0 users (S1 wk10)
2026-08-05 08:41:39 - floosball.supporter - INFO - Supporter accrual s1 w10: 0/0 fans credited
2026-08-05 08:41:39 - floosball.seasonManager - INFO - Pick-em resolved for S1W10: 0 users
2026-08-05 08:41:39 - floosball.seasonManager - INFO - Unlocked equipped cards for week 10
2026-08-05 08:41:39 - floosball.seasonManager - INFO - Simulating Week 11 in fast mode
2026-08-05 08:41:39 - floosball.seasonManager - INFO - Weekly modifier already set for S1W11: frenzy
2026-08-05 08:41:39 - floosball.seasonManager - INFO - Weekly modifier already set for S1W8: steady
2026-08-05 08:41:39 - floosball.seasonManager - INFO - Weekly modifier already set for S1W9: grounded
2026-08-05 08:41:39 - floosball.seasonManager - INFO - Weekly modifier already set for S1W10: payday
2026-08-05 08:41:39 - floosball.seasonManager - INFO - Weekly modifier already set for S1W11: frenzy
2026-08-05 08:41:39 - floosball.seasonManager - INFO - Weekly modifier already set for S1W12: amplify
2026-08-05 08:41:39 - floosball.seasonManager - INFO - Weekly modifier already set for S1W13: longshot
2026-08-05 08:41:39 - floosball.seasonManager - INFO - Weekly modifier already set for S1W14: synergy
2026-08-05 08:41:39 - floosball.anomaly - INFO - Anomaly weekly tick complete — season 1, week 11
2026-08-05 08:41:39 - floosball.seasonManager - INFO - Memory cleanup: cleared play-by-play data from 16 completed games
2026-08-05 08:41:40 - floosball.playerManager - INFO - Calculating performance ratings for week 11
2026-08-05 08:41:40 - floosball.playerManager - INFO - Performance ratings calculated for week 11
2026-08-05 08:41:40 - floosball.team_manager - INFO - Sorted defense tiers for all teams
2026-08-05 08:41:40 - floosball.seasonManager - INFO - Saved team season stats for season 1
2026-08-05 08:41:40 - floosball.playerManager - INFO - Saving player data to database
2026-08-05 08:41:40 - floosball.playerManager - INFO - Saved 192 players to database (192 active, 0 retired)
2026-08-05 08:41:40 - floosball.playerManager - INFO - Team assignment stats: 192 with teams, 0 free agents, 0 retired, 0 null teams, 0 errors
2026-08-05 08:41:40 - floosball.seasonManager - INFO - Showcase dividends paid to 0 users (S1 wk11)
2026-08-05 08:41:40 - floosball.supporter - INFO - Supporter accrual s1 w11: 0/0 fans credited
2026-08-05 08:41:40 - floosball.seasonManager - INFO - Pick-em resolved for S1W11: 0 users
2026-08-05 08:41:40 - floosball.seasonManager - INFO - Unlocked equipped cards for week 11
2026-08-05 08:41:40 - floosball.seasonManager - INFO - Simulating Week 12 in fast mode
2026-08-05 08:41:40 - floosball.seasonManager - INFO - Weekly modifier already set for S1W12: amplify
2026-08-05 08:41:40 - floosball.seasonManager - INFO - Weekly modifier already set for S1W8: steady
2026-08-05 08:41:40 - floosball.seasonManager - INFO - Weekly modifier already set for S1W9: grounded
2026-08-05 08:41:40 - floosball.seasonManager - INFO - Weekly modifier already set for S1W10: payday
2026-08-05 08:41:40 - floosball.seasonManager - INFO - Weekly modifier already set for S1W11: frenzy
2026-08-05 08:41:40 - floosball.seasonManager - INFO - Weekly modifier already set for S1W12: amplify
2026-08-05 08:41:40 - floosball.seasonManager - INFO - Weekly modifier already set for S1W13: longshot
2026-08-05 08:41:40 - floosball.seasonManager - INFO - Weekly modifier already set for S1W14: synergy
2026-08-05 08:41:40 - floosball.anomaly - INFO - Anomaly weekly tick complete — season 1, week 12
2026-08-05 08:41:40 - floosball.seasonManager - INFO - Memory cleanup: cleared play-by-play data from 16 completed games
2026-08-05 08:41:42 - floosball.playerManager - INFO - Calculating performance ratings for week 12
2026-08-05 08:41:42 - floosball.playerManager - INFO - Performance ratings calculated for week 12
2026-08-05 08:41:42 - floosball.team_manager - INFO - Sorted defense tiers for all teams
2026-08-05 08:41:42 - floosball.seasonManager - INFO - Saved team season stats for season 1
2026-08-05 08:41:42 - floosball.playerManager - INFO - Saving player data to database
2026-08-05 08:41:42 - floosball.playerManager - INFO - Saved 192 players to database (192 active, 0 retired)
2026-08-05 08:41:42 - floosball.playerManager - INFO - Team assignment stats: 192 with teams, 0 free agents, 0 retired, 0 null teams, 0 errors
2026-08-05 08:41:42 - floosball.seasonManager - INFO - Showcase dividends paid to 0 users (S1 wk12)
2026-08-05 08:41:42 - floosball.supporter - INFO - Supporter accrual s1 w12: 0/0 fans credited
2026-08-05 08:41:42 - floosball.seasonManager - INFO - Pick-em resolved for S1W12: 0 users
2026-08-05 08:41:42 - floosball.seasonManager - INFO - Unlocked equipped cards for week 12
2026-08-05 08:41:42 - floosball.seasonManager - INFO - Simulating Week 13 in fast mode
2026-08-05 08:41:42 - floosball.seasonManager - INFO - Weekly modifier already set for S1W13: longshot
2026-08-05 08:41:42 - floosball.seasonManager - INFO - Weekly modifier already set for S1W8: steady
2026-08-05 08:41:42 - floosball.seasonManager - INFO - Weekly modifier already set for S1W9: grounded
2026-08-05 08:41:42 - floosball.seasonManager - INFO - Weekly modifier already set for S1W10: payday
2026-08-05 08:41:42 - floosball.seasonManager - INFO - Weekly modifier already set for S1W11: frenzy
2026-08-05 08:41:42 - floosball.seasonManager - INFO - Weekly modifier already set for S1W12: amplify
2026-08-05 08:41:42 - floosball.seasonManager - INFO - Weekly modifier already set for S1W13: longshot
2026-08-05 08:41:42 - floosball.seasonManager - INFO - Weekly modifier already set for S1W14: synergy
2026-08-05 08:41:42 - floosball.anomaly - INFO - Anomaly weekly tick complete — season 1, week 13
2026-08-05 08:41:42 - floosball.seasonManager - INFO - Memory cleanup: cleared play-by-play data from 16 completed games
2026-08-05 08:41:43 - floosball.playerManager - INFO - Calculating performance ratings for week 13
2026-08-05 08:41:43 - floosball.playerManager - INFO - Performance ratings calculated for week 13
2026-08-05 08:41:43 - floosball.team_manager - INFO - Sorted defense tiers for all teams
2026-08-05 08:41:43 - floosball.seasonManager - INFO - Saved team season stats for season 1
2026-08-05 08:41:43 - floosball.playerManager - INFO - Saving player data to database
2026-08-05 08:41:44 - floosball.playerManager - INFO - Saved 192 players to database (192 active, 0 retired)
2026-08-05 08:41:44 - floosball.playerManager - INFO - Team assignment stats: 192 with teams, 0 free agents, 0 retired, 0 null teams, 0 errors
2026-08-05 08:41:44 - floosball.seasonManager - INFO - Showcase dividends paid to 0 users (S1 wk13)
2026-08-05 08:41:44 - floosball.supporter - INFO - Supporter accrual s1 w13: 0/0 fans credited
2026-08-05 08:41:44 - floosball.seasonManager - INFO - Pick-em resolved for S1W13: 0 users
2026-08-05 08:41:44 - floosball.seasonManager - INFO - Unlocked equipped cards for week 13
2026-08-05 08:41:44 - floosball.seasonManager - INFO - Simulating Week 14 in fast mode
2026-08-05 08:41:44 - floosball.seasonManager - INFO - Weekly modifier already set for S1W14: synergy
2026-08-05 08:41:44 - floosball.seasonManager - INFO - Weekly modifier already set for S1W8: steady
2026-08-05 08:41:44 - floosball.seasonManager - INFO - Weekly modifier already set for S1W9: grounded
2026-08-05 08:41:44 - floosball.seasonManager - INFO - Weekly modifier already set for S1W10: payday
2026-08-05 08:41:44 - floosball.seasonManager - INFO - Weekly modifier already set for S1W11: frenzy
2026-08-05 08:41:44 - floosball.seasonManager - INFO - Weekly modifier already set for S1W12: amplify
2026-08-05 08:41:44 - floosball.seasonManager - INFO - Weekly modifier already set for S1W13: longshot
2026-08-05 08:41:44 - floosball.seasonManager - INFO - Weekly modifier already set for S1W14: synergy
2026-08-05 08:41:44 - floosball.anomaly - INFO - Anomaly weekly tick complete — season 1, week 14
2026-08-05 08:41:44 - floosball.seasonManager - INFO - Memory cleanup: cleared play-by-play data from 16 completed games
2026-08-05 08:41:45 - floosball.playerManager - INFO - Calculating performance ratings for week 14
2026-08-05 08:41:45 - floosball.playerManager - INFO - Performance ratings calculated for week 14
2026-08-05 08:41:45 - floosball.team_manager - INFO - Sorted defense tiers for all teams
2026-08-05 08:41:45 - floosball.seasonManager - INFO - Saved team season stats for season 1
2026-08-05 08:41:45 - floosball.playerManager - INFO - Saving player data to database
2026-08-05 08:41:45 - floosball.playerManager - INFO - Saved 192 players to database (192 active, 0 retired)
2026-08-05 08:41:45 - floosball.playerManager - INFO - Team assignment stats: 192 with teams, 0 free agents, 0 retired, 0 null teams, 0 errors
2026-08-05 08:41:45 - floosball.seasonManager - INFO - Showcase dividends paid to 0 users (S1 wk14)
2026-08-05 08:41:45 - floosball.supporter - INFO - Supporter accrual s1 w14: 0/0 fans credited
2026-08-05 08:41:45 - floosball.seasonManager - INFO - Pick-em resolved for S1W14: 0 users
2026-08-05 08:41:45 - floosball.seasonManager - INFO - Unlocked equipped cards for week 14
2026-08-05 08:41:45 - floosball.seasonManager - INFO - Simulating Week 15 in fast mode
2026-08-05 08:41:45 - floosball.seasonManager - INFO - Weekly modifier for S1W15: Ironclad
2026-08-05 08:41:45 - floosball.seasonManager - INFO - Weekly modifier already set for S1W15: ironclad
2026-08-05 08:41:45 - floosball.seasonManager - INFO - Weekly modifier for S1W16: Steady
2026-08-05 08:41:45 - floosball.seasonManager - INFO - Weekly modifier for S1W17: Fortunate
2026-08-05 08:41:45 - floosball.seasonManager - INFO - Weekly modifier for S1W18: Grounded
2026-08-05 08:41:45 - floosball.seasonManager - INFO - Weekly modifier for S1W19: Longshot
2026-08-05 08:41:45 - floosball.seasonManager - INFO - Weekly modifier for S1W20: Payday
2026-08-05 08:41:45 - floosball.seasonManager - INFO - Weekly modifier for S1W21: Frenzy
2026-08-05 08:41:45 - floosball.rulevote - INFO - Rule vote OPEN: S1 day 2 kind=change options=[{'key': 'touchdownPoints', 'label': 'Touchdown points', 'patch': {'touchdownPoints': 9}, 'field': 'touchdownPoints', 'value': 9}, {'key': 'dc_8plays_possession', 'label': '8 plays, whole drive', 'patch': {'driveClockEnabled': True, 'driveClockUnit': 'plays', 'driveClockReset': 'possession', 'driveClockLimit': 8}, 'field': None, 'value': None}, {'key': 'downsPerSeries', 'label': 'Downs per series', 'patch': {'downsPerSeries': 3}, 'field': 'downsPerSeries', 'value': 3}, {'key': 'scoringModel', 'label': 'How the score is shown', 'patch': {'scoringModel': 'subtractive'}, 'field': 'scoringModel', 'value': 'subtractive'}] closes=2026-08-05 12:42:45.841967
2026-08-05 08:41:45 - floosball.anomaly - INFO - Anomaly weekly tick complete — season 1, week 15
2026-08-05 08:41:45 - floosball.seasonManager - INFO - Memory cleanup: cleared play-by-play data from 16 completed games
2026-08-05 08:41:47 - floosball.playerManager - INFO - Calculating performance ratings for week 15
2026-08-05 08:41:47 - floosball.playerManager - INFO - Performance ratings calculated for week 15
2026-08-05 08:41:47 - floosball.team_manager - INFO - Sorted defense tiers for all teams
2026-08-05 08:41:47 - floosball.seasonManager - INFO - Saved team season stats for season 1
2026-08-05 08:41:47 - floosball.playerManager - INFO - Saving player data to database
2026-08-05 08:41:47 - floosball.playerManager - INFO - Saved 192 players to database (192 active, 0 retired)
2026-08-05 08:41:47 - floosball.playerManager - INFO - Team assignment stats: 192 with teams, 0 free agents, 0 retired, 0 null teams, 0 errors
2026-08-05 08:41:47 - floosball.seasonManager - INFO - Showcase dividends paid to 0 users (S1 wk15)
2026-08-05 08:41:47 - floosball.supporter - INFO - Supporter accrual s1 w15: 0/0 fans credited
2026-08-05 08:41:47 - floosball.seasonManager - INFO - Pick-em resolved for S1W15: 0 users
2026-08-05 08:41:47 - floosball.seasonManager - INFO - Unlocked equipped cards for week 15
2026-08-05 08:41:47 - floosball.seasonManager - INFO - Simulating Week 16 in fast mode
2026-08-05 08:41:47 - floosball.seasonManager - INFO - Weekly modifier already set for S1W16: steady
2026-08-05 08:41:47 - floosball.seasonManager - INFO - Weekly modifier already set for S1W15: ironclad
2026-08-05 08:41:47 - floosball.seasonManager - INFO - Weekly modifier already set for S1W16: steady
2026-08-05 08:41:47 - floosball.seasonManager - INFO - Weekly modifier already set for S1W17: fortunate
2026-08-05 08:41:47 - floosball.seasonManager - INFO - Weekly modifier already set for S1W18: grounded
2026-08-05 08:41:47 - floosball.seasonManager - INFO - Weekly modifier already set for S1W19: longshot
2026-08-05 08:41:47 - floosball.seasonManager - INFO - Weekly modifier already set for S1W20: payday
2026-08-05 08:41:47 - floosball.seasonManager - INFO - Weekly modifier already set for S1W21: frenzy
2026-08-05 08:41:47 - floosball.anomaly - INFO - Anomaly weekly tick complete — season 1, week 16
2026-08-05 08:41:47 - floosball.seasonManager - INFO - Memory cleanup: cleared play-by-play data from 16 completed games
2026-08-05 08:41:48 - floosball.playerManager - INFO - Calculating performance ratings for week 16
2026-08-05 08:41:48 - floosball.playerManager - INFO - Performance ratings calculated for week 16
2026-08-05 08:41:48 - floosball.team_manager - INFO - Sorted defense tiers for all teams
2026-08-05 08:41:48 - floosball.seasonManager - INFO - Saved team season stats for season 1
2026-08-05 08:41:48 - floosball.playerManager - INFO - Saving player data to database
2026-08-05 08:41:49 - floosball.playerManager - INFO - Saved 192 players to database (192 active, 0 retired)
2026-08-05 08:41:49 - floosball.playerManager - INFO - Team assignment stats: 192 with teams, 0 free agents, 0 retired, 0 null teams, 0 errors
2026-08-05 08:41:49 - floosball.seasonManager - INFO - Showcase dividends paid to 0 users (S1 wk16)
2026-08-05 08:41:49 - floosball.supporter - INFO - Supporter accrual s1 w16: 0/0 fans credited
2026-08-05 08:41:49 - floosball.seasonManager - INFO - Pick-em resolved for S1W16: 0 users
2026-08-05 08:41:49 - floosball.seasonManager - INFO - Unlocked equipped cards for week 16
2026-08-05 08:41:49 - floosball.seasonManager - INFO - Simulating Week 17 in fast mode
2026-08-05 08:41:49 - floosball.seasonManager - INFO - Weekly modifier already set for S1W17: fortunate
2026-08-05 08:41:49 - floosball.seasonManager - INFO - Weekly modifier already set for S1W15: ironclad
2026-08-05 08:41:49 - floosball.seasonManager - INFO - Weekly modifier already set for S1W16: steady
2026-08-05 08:41:49 - floosball.seasonManager - INFO - Weekly modifier already set for S1W17: fortunate
2026-08-05 08:41:49 - floosball.seasonManager - INFO - Weekly modifier already set for S1W18: grounded
2026-08-05 08:41:49 - floosball.seasonManager - INFO - Weekly modifier already set for S1W19: longshot
2026-08-05 08:41:49 - floosball.seasonManager - INFO - Weekly modifier already set for S1W20: payday
2026-08-05 08:41:49 - floosball.seasonManager - INFO - Weekly modifier already set for S1W21: frenzy
2026-08-05 08:41:49 - floosball.anomaly - INFO - Anomaly weekly tick complete — season 1, week 17
2026-08-05 08:41:49 - floosball.seasonManager - INFO - Memory cleanup: cleared play-by-play data from 16 completed games
2026-08-05 08:41:50 - floosball.playerManager - INFO - Calculating performance ratings for week 17
2026-08-05 08:41:50 - floosball.playerManager - INFO - Performance ratings calculated for week 17
2026-08-05 08:41:50 - floosball.team_manager - INFO - Sorted defense tiers for all teams
2026-08-05 08:41:50 - floosball.seasonManager - INFO - Saved team season stats for season 1
2026-08-05 08:41:50 - floosball.playerManager - INFO - Saving player data to database
2026-08-05 08:41:50 - floosball.playerManager - INFO - Saved 192 players to database (192 active, 0 retired)
2026-08-05 08:41:50 - floosball.playerManager - INFO - Team assignment stats: 192 with teams, 0 free agents, 0 retired, 0 null teams, 0 errors
2026-08-05 08:41:50 - floosball.seasonManager - INFO - Showcase dividends paid to 0 users (S1 wk17)
2026-08-05 08:41:50 - floosball.supporter - INFO - Supporter accrual s1 w17: 0/0 fans credited
2026-08-05 08:41:50 - floosball.seasonManager - INFO - Pick-em resolved for S1W17: 0 users
2026-08-05 08:41:50 - floosball.seasonManager - INFO - Unlocked equipped cards for week 17
2026-08-05 08:41:50 - floosball.seasonManager - INFO - Simulating Week 18 in fast mode
2026-08-05 08:41:50 - floosball.seasonManager - INFO - Weekly modifier already set for S1W18: grounded
2026-08-05 08:41:50 - floosball.seasonManager - INFO - Weekly modifier already set for S1W15: ironclad
2026-08-05 08:41:50 - floosball.seasonManager - INFO - Weekly modifier already set for S1W16: steady
2026-08-05 08:41:50 - floosball.seasonManager - INFO - Weekly modifier already set for S1W17: fortunate
2026-08-05 08:41:50 - floosball.seasonManager - INFO - Weekly modifier already set for S1W18: grounded
2026-08-05 08:41:50 - floosball.seasonManager - INFO - Weekly modifier already set for S1W19: longshot
2026-08-05 08:41:50 - floosball.seasonManager - INFO - Weekly modifier already set for S1W20: payday
2026-08-05 08:41:50 - floosball.seasonManager - INFO - Weekly modifier already set for S1W21: frenzy
2026-08-05 08:41:50 - floosball.anomaly - INFO - Anomaly weekly tick complete — season 1, week 18
2026-08-05 08:41:50 - floosball.seasonManager - INFO - Memory cleanup: cleared play-by-play data from 16 completed games
2026-08-05 08:41:52 - floosball.playerManager - INFO - Calculating performance ratings for week 18
2026-08-05 08:41:52 - floosball.playerManager - INFO - Performance ratings calculated for week 18
2026-08-05 08:41:52 - floosball.team_manager - INFO - Sorted defense tiers for all teams
2026-08-05 08:41:52 - floosball.seasonManager - INFO - Saved team season stats for season 1
2026-08-05 08:41:52 - floosball.playerManager - INFO - Saving player data to database
2026-08-05 08:41:52 - floosball.playerManager - INFO - Saved 192 players to database (192 active, 0 retired)
2026-08-05 08:41:52 - floosball.playerManager - INFO - Team assignment stats: 192 with teams, 0 free agents, 0 retired, 0 null teams, 0 errors
2026-08-05 08:41:52 - floosball.seasonManager - INFO - Showcase dividends paid to 0 users (S1 wk18)
2026-08-05 08:41:52 - floosball.supporter - INFO - Supporter accrual s1 w18: 0/0 fans credited
2026-08-05 08:41:52 - floosball.seasonManager - INFO - Pick-em resolved for S1W18: 0 users
2026-08-05 08:41:52 - floosball.seasonManager - INFO - Unlocked equipped cards for week 18
2026-08-05 08:41:52 - floosball.seasonManager - INFO - Simulating Week 19 in fast mode
2026-08-05 08:41:52 - floosball.seasonManager - INFO - Weekly modifier already set for S1W19: longshot
2026-08-05 08:41:52 - floosball.seasonManager - INFO - Weekly modifier already set for S1W15: ironclad
2026-08-05 08:41:52 - floosball.seasonManager - INFO - Weekly modifier already set for S1W16: steady
2026-08-05 08:41:52 - floosball.seasonManager - INFO - Weekly modifier already set for S1W17: fortunate
2026-08-05 08:41:52 - floosball.seasonManager - INFO - Weekly modifier already set for S1W18: grounded
2026-08-05 08:41:52 - floosball.seasonManager - INFO - Weekly modifier already set for S1W19: longshot
2026-08-05 08:41:52 - floosball.seasonManager - INFO - Weekly modifier already set for S1W20: payday
2026-08-05 08:41:52 - floosball.seasonManager - INFO - Weekly modifier already set for S1W21: frenzy
2026-08-05 08:41:52 - floosball.anomaly - INFO - Anomaly weekly tick complete — season 1, week 19
2026-08-05 08:41:52 - floosball.seasonManager - INFO - Memory cleanup: cleared play-by-play data from 16 completed games
2026-08-05 08:41:54 - floosball.playerManager - INFO - Calculating performance ratings for week 19
2026-08-05 08:41:54 - floosball.playerManager - INFO - Performance ratings calculated for week 19
2026-08-05 08:41:54 - floosball.team_manager - INFO - Sorted defense tiers for all teams
2026-08-05 08:41:54 - floosball.seasonManager - INFO - Saved team season stats for season 1
2026-08-05 08:41:54 - floosball.playerManager - INFO - Saving player data to database
2026-08-05 08:41:54 - floosball.playerManager - INFO - Saved 192 players to database (192 active, 0 retired)
2026-08-05 08:41:54 - floosball.playerManager - INFO - Team assignment stats: 192 with teams, 0 free agents, 0 retired, 0 null teams, 0 errors
2026-08-05 08:41:54 - floosball.seasonManager - INFO - Showcase dividends paid to 0 users (S1 wk19)
2026-08-05 08:41:54 - floosball.supporter - INFO - Supporter accrual s1 w19: 0/0 fans credited
2026-08-05 08:41:54 - floosball.seasonManager - INFO - Pick-em resolved for S1W19: 0 users
2026-08-05 08:41:54 - floosball.seasonManager - INFO - Unlocked equipped cards for week 19
2026-08-05 08:41:54 - floosball.seasonManager - INFO - Simulating Week 20 in fast mode
2026-08-05 08:41:54 - floosball.seasonManager - INFO - Weekly modifier already set for S1W20: payday
2026-08-05 08:41:54 - floosball.seasonManager - INFO - Weekly modifier already set for S1W15: ironclad
2026-08-05 08:41:54 - floosball.seasonManager - INFO - Weekly modifier already set for S1W16: steady
2026-08-05 08:41:54 - floosball.seasonManager - INFO - Weekly modifier already set for S1W17: fortunate
2026-08-05 08:41:54 - floosball.seasonManager - INFO - Weekly modifier already set for S1W18: grounded
2026-08-05 08:41:54 - floosball.seasonManager - INFO - Weekly modifier already set for S1W19: longshot
2026-08-05 08:41:54 - floosball.seasonManager - INFO - Weekly modifier already set for S1W20: payday
2026-08-05 08:41:54 - floosball.seasonManager - INFO - Weekly modifier already set for S1W21: frenzy
2026-08-05 08:41:54 - floosball.anomaly - INFO - Anomaly weekly tick complete — season 1, week 20
2026-08-05 08:41:54 - floosball.seasonManager - INFO - Memory cleanup: cleared play-by-play data from 16 completed games
2026-08-05 08:41:55 - floosball.playerManager - INFO - Calculating performance ratings for week 20
2026-08-05 08:41:55 - floosball.playerManager - INFO - Performance ratings calculated for week 20
2026-08-05 08:41:55 - floosball.team_manager - INFO - Sorted defense tiers for all teams
2026-08-05 08:41:55 - floosball.seasonManager - INFO - Saved team season stats for season 1
2026-08-05 08:41:55 - floosball.playerManager - INFO - Saving player data to database
2026-08-05 08:41:56 - floosball.playerManager - INFO - Saved 192 players to database (192 active, 0 retired)
2026-08-05 08:41:56 - floosball.playerManager - INFO - Team assignment stats: 192 with teams, 0 free agents, 0 retired, 0 null teams, 0 errors
2026-08-05 08:41:56 - floosball.seasonManager - INFO - Showcase dividends paid to 0 users (S1 wk20)
2026-08-05 08:41:56 - floosball.supporter - INFO - Supporter accrual s1 w20: 0/0 fans credited
2026-08-05 08:41:56 - floosball.seasonManager - INFO - Pick-em resolved for S1W20: 0 users
2026-08-05 08:41:56 - floosball.seasonManager - INFO - Unlocked equipped cards for week 20
2026-08-05 08:41:56 - floosball.seasonManager - INFO - Simulating Week 21 in fast mode
2026-08-05 08:41:56 - floosball.seasonManager - INFO - Weekly modifier already set for S1W21: frenzy
2026-08-05 08:41:56 - floosball.seasonManager - INFO - Weekly modifier already set for S1W15: ironclad
2026-08-05 08:41:56 - floosball.seasonManager - INFO - Weekly modifier already set for S1W16: steady
2026-08-05 08:41:56 - floosball.seasonManager - INFO - Weekly modifier already set for S1W17: fortunate
2026-08-05 08:41:56 - floosball.seasonManager - INFO - Weekly modifier already set for S1W18: grounded
2026-08-05 08:41:56 - floosball.seasonManager - INFO - Weekly modifier already set for S1W19: longshot
2026-08-05 08:41:56 - floosball.seasonManager - INFO - Weekly modifier already set for S1W20: payday
2026-08-05 08:41:56 - floosball.seasonManager - INFO - Weekly modifier already set for S1W21: frenzy
2026-08-05 08:41:56 - floosball.anomaly - INFO - Anomaly weekly tick complete — season 1, week 21
2026-08-05 08:41:56 - floosball.seasonManager - INFO - Memory cleanup: cleared play-by-play data from 16 completed games
2026-08-05 08:41:57 - floosball.playerManager - INFO - Calculating performance ratings for week 21
2026-08-05 08:41:57 - floosball.playerManager - INFO - Performance ratings calculated for week 21
2026-08-05 08:41:57 - floosball.team_manager - INFO - Sorted defense tiers for all teams
2026-08-05 08:41:57 - floosball.seasonManager - INFO - Saved team season stats for season 1
2026-08-05 08:41:57 - floosball.playerManager - INFO - Saving player data to database
2026-08-05 08:41:57 - floosball.playerManager - INFO - Saved 192 players to database (192 active, 0 retired)
2026-08-05 08:41:57 - floosball.playerManager - INFO - Team assignment stats: 192 with teams, 0 free agents, 0 retired, 0 null teams, 0 errors
2026-08-05 08:41:57 - floosball.seasonManager - INFO - Showcase dividends paid to 0 users (S1 wk21)
2026-08-05 08:41:57 - floosball.supporter - INFO - Supporter accrual s1 w21: 0/0 fans credited
2026-08-05 08:41:57 - floosball.seasonManager - INFO - Pick-em resolved for S1W21: 0 users
2026-08-05 08:41:57 - floosball.seasonManager - INFO - Unlocked equipped cards for week 21
2026-08-05 08:41:57 - floosball.seasonManager - INFO - Simulating Week 22 in fast mode
2026-08-05 08:41:57 - floosball.seasonManager - INFO - Weekly modifier for S1W22: Synergy
2026-08-05 08:41:57 - floosball.seasonManager - INFO - Weekly modifier already set for S1W22: synergy
2026-08-05 08:41:57 - floosball.seasonManager - INFO - Weekly modifier for S1W23: Amplify
2026-08-05 08:41:57 - floosball.seasonManager - INFO - Weekly modifier for S1W24: Steady
2026-08-05 08:41:57 - floosball.seasonManager - INFO - Weekly modifier for S1W25: Grounded
2026-08-05 08:41:57 - floosball.seasonManager - INFO - Weekly modifier for S1W26: Fortunate
2026-08-05 08:41:57 - floosball.seasonManager - INFO - Weekly modifier for S1W27: Ironclad
2026-08-05 08:41:57 - floosball.seasonManager - INFO - Weekly modifier for S1W28: Payday
2026-08-05 08:41:57 - floosball.rulevote - INFO - Rule vote: S1 day 3 (revert) — no candidates
2026-08-05 08:41:57 - floosball.anomaly - INFO - Anomaly weekly tick complete — season 1, week 22
2026-08-05 08:41:57 - floosball.seasonManager - INFO - Memory cleanup: cleared play-by-play data from 16 completed games
2026-08-05 08:41:57 - floosball.seasonManager - INFO - FA voting window opened mid-season — stays open through end of regular season
2026-08-05 08:41:57 - floosball.playerManager - INFO - Free agent retirements: 0 players retired
2026-08-05 08:41:57 - floosball.playerManager - INFO - Roster supply top-up: generated {'QB': 3, 'RB': 3, 'WR': 3, 'TE': 3, 'K': 3} (supply was { QB:32, RB:32, WR:64, TE:32, K:32 }, 32 teams, buffer 3)
2026-08-05 08:41:57 - floosball.seasonManager - INFO - Position supply top-up (week-22 supply check): +15 FAs — 3 QB, 3 RB, 3 WR, 3 TE, 3 K
2026-08-05 08:41:57 - floosball.playerManager - INFO - Saving player data to database
2026-08-05 08:41:57 - floosball.playerManager - INFO - Saved 207 players to database (207 active, 0 retired)
2026-08-05 08:41:57 - floosball.playerManager - INFO - Team assignment stats: 192 with teams, 15 free agents, 0 retired, 0 null teams, 0 errors
2026-08-05 08:42:36 - floosball.websocket - INFO - WebSocket ConnectionManager initialized
2026-08-05 08:42:36 - floosball.api_server - INFO - ============================================================
2026-08-05 08:42:36 - floosball.api_server - INFO - Floosball API Server
2026-08-05 08:42:36 - floosball.api_server - INFO - ============================================================
2026-08-05 08:42:36 - floosball.api_server - INFO - Timing Mode: FAST
2026-08-05 08:42:36 - floosball.api_server - INFO - Fresh Start: True
2026-08-05 08:42:36 - floosball.api_server - INFO - Card Reset: False
2026-08-05 08:42:36 - floosball.api_server - INFO - Card Reset (current season only): False
2026-08-05 08:42:36 - floosball.api_server - INFO - ============================================================
2026-08-05 08:42:36 - floosball.api_server - INFO - Initializing Floosball Application...
2026-08-05 08:42:36 - floosball.api_server - INFO - Fresh start requested - clearing database
2026-08-05 08:42:36 - floosball.database - INFO - Database cleared (preserved users, unused_names, beta_allowlist, app_settings) at /Users/andrew/.claude/jobs/c29305c5/tmp/punt4/floosball.db
2026-08-05 08:42:36 - floosball.database - INFO -   Migration: added player_attributes.demeanor
2026-08-05 08:42:36 - floosball.database - INFO -   Migration: ensured showcase_slots table
2026-08-05 08:42:36 - floosball.database - INFO -   Migration: ensured uq_teams_coach_id (one coach per team)
2026-08-05 08:42:36 - floosball.database - INFO -   Migration: created play_reactions table
2026-08-05 08:42:36 - floosball.database - INFO -   Migration: created uq_equipped_card_slot_pos index
2026-08-05 08:42:36 - floosball.database - INFO -   Migration: added users.auto_pick_favorites
2026-08-05 08:42:36 - floosball.database - INFO -   Migration: added player_attributes.archetype
2026-08-05 08:42:36 - floosball.database - INFO -   Migration: player_sentiment_ratings ensured
2026-08-05 08:42:36 - floosball.database - INFO -   Migration: coach_sentiment_votes ensured
2026-08-05 08:42:36 - floosball.database - INFO -   Migration: team_feed_posts ensured
2026-08-05 08:42:36 - floosball.database - INFO -   Migration: app_settings table ensured with default rows
2026-08-05 08:42:36 - floosball.database - INFO -   Migration: ensured spectator_progress table
2026-08-05 08:42:36 - floosball.database - INFO -   Migration: ensured supporter_dividends table
2026-08-05 08:42:36 - floosball.database - INFO -   Migration: ensured award_votes + hof_ballot_entries tables
2026-08-05 08:42:36 - floosball.database - INFO -   Migration: ensured team_facilities table
2026-08-05 08:42:36 - floosball.database - INFO -   Migration: ensured pending_names table
2026-08-05 08:42:36 - floosball.database - INFO -   Migration: ensured facility_projects + team_treasury + upkeep_funded + facility_votes
2026-08-05 08:42:36 - floosball.database - INFO -   Migration: replaced 'random' powerup slugs in pending_rewards
2026-08-05 08:42:36 - floosball.database - INFO -   Backfill diagnostic: game_player_stats has 0 rows
2026-08-05 08:42:36 - floosball.database - INFO -   Backfill: no empty rows found. Total PSS rows: 0
2026-08-05 08:42:36 - floosball.database - INFO -   Backfill: recomputed career stats from season rows for 0 players
2026-08-05 08:42:36 - floosball.database - INFO -   Backfill: spread fan_trust across 0 coaches
2026-08-05 08:42:36 - floosball.config - INFO - Cached configuration from config.json
2026-08-05 08:42:36 - floosball.database - INFO -   Seeded 112 achievement templates
2026-08-05 08:42:36 - floosball.database - INFO - Seeded 789 new names from config into unused_names pool
2026-08-05 08:42:36 - floosball.application - INFO - Initializing FloosballApplication
2026-08-05 08:42:36 - floosball.playerManager - INFO - PlayerManager using DATABASE storage
2026-08-05 08:42:36 - floosball.playerManager - INFO - PlayerManager initialized
2026-08-05 08:42:36 - floosball.team_manager - INFO - TeamManager using DATABASE storage
2026-08-05 08:42:36 - floosball.leagueManager - INFO - LeagueManager using DATABASE storage
2026-08-05 08:42:36 - floosball.leagueManager - INFO - LeagueManager initialized
2026-08-05 08:42:36 - floosball.record_manager - INFO - RecordManager using DATABASE storage
2026-08-05 08:42:36 - floosball.personalityReactionEngine - INFO - Loaded 28 personalities, 17 quirks, 247 hometowns, 10 favorite categories
2026-08-05 08:42:36 - floosball.personalityManager - INFO - PersonalityManager initialized
2026-08-05 08:42:36 - floosball.application - INFO - All managers using shared database session to prevent locking
2026-08-05 08:42:36 - floosball.seasonManager - INFO - SeasonManager using DATABASE storage
2026-08-05 08:42:36 - floosball.timingManager - INFO - TimingManager initialized in fast mode
2026-08-05 08:42:36 - floosball.seasonManager - INFO - SeasonManager initialized
2026-08-05 08:42:36 - floosball.application - INFO - Registered all managers with service container
2026-08-05 08:42:36 - floosball.application - INFO - FloosballApplication initialized successfully
2026-08-05 08:42:36 - floosball.application - INFO - Initializing league system
2026-08-05 08:42:36 - floosball.timingManager - INFO - Timing mode changed to fast
2026-08-05 08:42:36 - floosball.seasonManager - INFO - Season timing mode set to fast
2026-08-05 08:42:36 - floosball.application - INFO - Application timing mode set to fast
2026-08-05 08:42:36 - floosball.record_manager - INFO - No records found in database, using empty structure
2026-08-05 08:42:36 - floosball.application - INFO - Setting up players...
2026-08-05 08:42:36 - floosball.playerManager - INFO - Generating initial player pool
2026-08-05 08:42:36 - floosball.playerManager - INFO - No existing players found, generating new player pool
2026-08-05 08:42:36 - floosball.playerManager - INFO - Initial pool: 192 players for 32 clubs (6 slots each)
2026-08-05 08:42:36 - floosball.playerManager - INFO - Loaded 789 unused names from database
2026-08-05 08:42:36 - floosball.playerManager - INFO - Generated 192 total players
2026-08-05 08:42:36 - floosball.application - INFO - Setting up teams...
2026-08-05 08:42:36 - floosball.team_manager - INFO - Loaded 0 teams from data
2026-08-05 08:42:36 - floosball.team_manager - INFO - Created 32 new teams from config
2026-08-05 08:42:38 - floosball.team_manager - INFO - Generated 32 teams
2026-08-05 08:42:38 - floosball.team_manager - INFO - Saved 32 teams to database
2026-08-05 08:42:38 - floosball.team_manager - INFO - Seeded facilities (tier-grandfathered) for 32 team(s)
2026-08-05 08:42:38 - floosball.application - INFO - Setting up leagues...
2026-08-05 08:42:38 - floosball.leagueManager - INFO - Creating league structure from config
2026-08-05 08:42:38 - floosball.leagueManager - INFO - Saved 2 leagues to database
2026-08-05 08:42:38 - floosball.leagueManager - INFO - Created 2 leagues with 32 teams
2026-08-05 08:42:38 - floosball.application - INFO - Assigning players to teams...
2026-08-05 08:42:38 - floosball.playerManager - INFO - Fixed contract for Oliver Brice: term=2, termRemaining=2
2026-08-05 08:42:38 - floosball.playerManager - INFO - Fixed contract for Scrapmetal Meringue: term=1, termRemaining=1
2026-08-05 08:42:38 - floosball.playerManager - INFO - Fixed contract for Squids Johnson: term=2, termRemaining=2
2026-08-05 08:42:38 - floosball.playerManager - INFO - Fixed contract for Jomes Roberston: term=1, termRemaining=1
2026-08-05 08:42:38 - floosball.playerManager - INFO - Fixed contract for Katydid Flyfisher: term=3, termRemaining=3
2026-08-05 08:42:38 - floosball.playerManager - INFO - Fixed contract for Grazie Ojos: term=2, termRemaining=2
2026-08-05 08:42:38 - floosball.playerManager - INFO - Fixed contract for Ren Aziza: term=2, termRemaining=2
2026-08-05 08:42:38 - floosball.playerManager - INFO - Fixed contract for Dinosaur Pastel: term=1, termRemaining=1
2026-08-05 08:42:38 - floosball.playerManager - INFO - Fixed contract for Gootsy Porkins: term=3, termRemaining=3
2026-08-05 08:42:38 - floosball.playerManager - INFO - Fixed contract for Wanda Goodvibes: term=2, termRemaining=2
2026-08-05 08:42:38 - floosball.playerManager - INFO - Fixed contract for Milk Jones: term=2, termRemaining=2
2026-08-05 08:42:38 - floosball.playerManager - INFO - Fixed contract for Izzy Two-Step: term=2, termRemaining=2
2026-08-05 08:42:38 - floosball.playerManager - INFO - Fixed contract for Johnnie Noble: term=2, termRemaining=2
2026-08-05 08:42:38 - floosball.playerManager - INFO - Fixed contract for Finnegan Facepuncher: term=3, termRemaining=3
2026-08-05 08:42:38 - floosball.playerManager - INFO - Fixed contract for Slippy Catlion: term=2, termRemaining=2
2026-08-05 08:42:38 - floosball.playerManager - INFO - Fixed contract for Chazmereld Feldsbar: term=3, termRemaining=3
2026-08-05 08:42:38 - floosball.playerManager - INFO - Fixed contract for Icky Hillerston: term=2, termRemaining=2
2026-08-05 08:42:38 - floosball.playerManager - INFO - Fixed contract for Sweaty Protoge: term=2, termRemaining=2
2026-08-05 08:42:38 - floosball.playerManager - INFO - Fixed contract for Killtron Kingsley: term=2, termRemaining=2
2026-08-05 08:42:38 - floosball.playerManager - INFO - Fixed contract for Aaron Bingus: term=2, termRemaining=2
2026-08-05 08:42:38 - floosball.playerManager - INFO - Fixed contract for Hambo Pitviper: term=1, termRemaining=1
2026-08-05 08:42:38 - floosball.playerManager - INFO - Fixed contract for Cornell Harpsicord: term=2, termRemaining=2
2026-08-05 08:42:38 - floosball.playerManager - INFO - Fixed contract for Glenallen Cliffworm: term=2, termRemaining=2
2026-08-05 08:42:38 - floosball.playerManager - INFO - Fixed contract for Bailiff Gooddog: term=3, termRemaining=3
2026-08-05 08:42:38 - floosball.playerManager - INFO - Fixed contract for Gisel Thunderforge: term=2, termRemaining=2
2026-08-05 08:42:38 - floosball.playerManager - INFO - Fixed contract for Sama Broston: term=2, termRemaining=2
2026-08-05 08:42:38 - floosball.playerManager - INFO - Fixed contract for Bizzy Bone: term=2, termRemaining=2
2026-08-05 08:42:38 - floosball.playerManager - INFO - Fixed contract for Loubert Andrett: term=2, termRemaining=2
2026-08-05 08:42:38 - floosball.playerManager - INFO - Fixed contract for Anubis Gemerald: term=2, termRemaining=2
2026-08-05 08:42:38 - floosball.playerManager - INFO - Fixed contract for Ladybug Looksee: term=1, termRemaining=1
2026-08-05 08:42:38 - floosball.playerManager - INFO - Fixed contract for Bordan Morris: term=3, termRemaining=3
2026-08-05 08:42:38 - floosball.playerManager - INFO - Fixed contract for Perky Omen: term=2, termRemaining=2
2026-08-05 08:42:38 - floosball.playerManager - INFO - Fixed contract for Acid Del Mar: term=2, termRemaining=2
2026-08-05 08:42:38 - floosball.playerManager - INFO - Fixed contract for Locust Clambake: term=2, termRemaining=2
2026-08-05 08:42:38 - floosball.playerManager - INFO - Fixed contract for Wiz Tycho: term=2, termRemaining=2
2026-08-05 08:42:38 - floosball.playerManager - INFO - Fixed contract for Gutler LaCronks: term=2, termRemaining=2
2026-08-05 08:42:38 - floosball.playerManager - INFO - Fixed contract for Switch Supertoe: term=1, termRemaining=1
2026-08-05 08:42:38 - floosball.playerManager - INFO - Fixed contract for Kimora Barry: term=3, termRemaining=3
2026-08-05 08:42:38 - floosball.playerManager - INFO - Fixed contract for Achilles Fannon: term=2, termRemaining=2
2026-08-05 08:42:38 - floosball.playerManager - INFO - Fixed contract for Rudeboy Marquette: term=2, termRemaining=2
2026-08-05 08:42:38 - floosball.playerManager - INFO - Fixed contract for Reegis Toulouse: term=2, termRemaining=2
2026-08-05 08:42:38 - floosball.playerManager - INFO - Fixed contract for Dennis Nervis: term=1, termRemaining=1
2026-08-05 08:42:38 - floosball.playerManager - INFO - Fixed contract for Stereo Monomono: term=3, termRemaining=3
2026-08-05 08:42:38 - floosball.playerManager - INFO - Fixed contract for Tessa Choker: term=2, termRemaining=2
2026-08-05 08:42:38 - floosball.playerManager - INFO - Fixed contract for Ginger Belcher: term=2, termRemaining=2
2026-08-05 08:42:38 - floosball.playerManager - INFO - Fixed contract for Vuvuzela Slowjam: term=2, termRemaining=2
2026-08-05 08:42:38 - floosball.playerManager - INFO - Fixed contract for Jett Duke: term=2, termRemaining=2
2026-08-05 08:42:38 - floosball.playerManager - INFO - Fixed contract for California Wiggle: term=3, termRemaining=3
2026-08-05 08:42:38 - floosball.playerManager - INFO - Fixed contract for Matador Muscles: term=1, termRemaining=1
2026-08-05 08:42:38 - floosball.playerManager - INFO - Fixed contract for Tupelo Dunmore: term=1, termRemaining=1
2026-08-05 08:42:38 - floosball.playerManager - INFO - Fixed contract for Package Murfee: term=2, termRemaining=2
2026-08-05 08:42:38 - floosball.playerManager - INFO - Fixed contract for Dew Stone: term=2, termRemaining=2
2026-08-05 08:42:38 - floosball.playerManager - INFO - Fixed contract for Freed Marinara: term=2, termRemaining=2
2026-08-05 08:42:38 - floosball.playerManager - INFO - Fixed contract for Freestyle Chamomile: term=2, termRemaining=2
2026-08-05 08:42:38 - floosball.playerManager - INFO - Fixed contract for Toon Van Laethem: term=2, termRemaining=2
2026-08-05 08:42:38 - floosball.playerManager - INFO - Fixed contract for Senator Shoe: term=2, termRemaining=2
2026-08-05 08:42:38 - floosball.playerManager - INFO - Fixed contract for Trinity Pantsdown: term=2, termRemaining=2
2026-08-05 08:42:38 - floosball.playerManager - INFO - Fixed contract for Calder Derenthal: term=2, termRemaining=2
2026-08-05 08:42:38 - floosball.playerManager - INFO - Fixed contract for Socks McElroy: term=2, termRemaining=2
2026-08-05 08:42:38 - floosball.playerManager - INFO - Fixed contract for Crassus Boffin: term=2, termRemaining=2
2026-08-05 08:42:38 - floosball.playerManager - INFO - Fixed contract for Butte Chisholm: term=1, termRemaining=1
2026-08-05 08:42:38 - floosball.playerManager - INFO - Fixed contract for Humberto Endzone: term=2, termRemaining=2
2026-08-05 08:42:38 - floosball.playerManager - INFO - Fixed contract for Klondike Fulltime: term=2, termRemaining=2
2026-08-05 08:42:38 - floosball.playerManager - INFO - Fixed contract for Anna-Mae Y. Fue: term=2, termRemaining=2
2026-08-05 08:42:38 - floosball.playerManager - INFO - Fixed contract for Minigun Belmonte: term=1, termRemaining=1
2026-08-05 08:42:38 - floosball.playerManager - INFO - Fixed contract for Rhodes Alltime: term=3, termRemaining=3
2026-08-05 08:42:38 - floosball.playerManager - INFO - Fixed contract for Fex Mundaroo: term=2, termRemaining=2
2026-08-05 08:42:38 - floosball.playerManager - INFO - Fixed contract for Silencio Portland: term=2, termRemaining=2
2026-08-05 08:42:38 - floosball.playerManager - INFO - Fixed contract for Tita Punchable: term=2, termRemaining=2
2026-08-05 08:42:38 - floosball.playerManager - INFO - Fixed contract for Jasper Gurnybone: term=3, termRemaining=3
2026-08-05 08:42:38 - floosball.playerManager - INFO - Fixed contract for Zealous Tiger: term=2, termRemaining=2
2026-08-05 08:42:38 - floosball.playerManager - INFO - Fixed contract for Cantina Fawcette: term=3, termRemaining=3
2026-08-05 08:42:38 - floosball.playerManager - INFO - Fixed contract for Trackstar Ducat: term=2, termRemaining=2
2026-08-05 08:42:38 - floosball.playerManager - INFO - Fixed contract for Sprig Putanto: term=2, termRemaining=2
2026-08-05 08:42:38 - floosball.playerManager - INFO - Fixed contract for Cameo Perkett: term=2, termRemaining=2
2026-08-05 08:42:38 - floosball.playerManager - INFO - Fixed contract for Tipsy Plaguedoctor: term=2, termRemaining=2
2026-08-05 08:42:38 - floosball.playerManager - INFO - Fixed contract for Carrie Chinos: term=2, termRemaining=2
2026-08-05 08:42:38 - floosball.playerManager - INFO - Fixed contract for Scan Muscalt: term=2, termRemaining=2
2026-08-05 08:42:38 - floosball.playerManager - INFO - Fixed contract for Tucker Trotter: term=1, termRemaining=1
2026-08-05 08:42:38 - floosball.playerManager - INFO - Fixed contract for Coco Mattel: term=3, termRemaining=3
2026-08-05 08:42:38 - floosball.playerManager - INFO - Fixed contract for Granville Fathoms: term=1, termRemaining=1
2026-08-05 08:42:38 - floosball.playerManager - INFO - Fixed contract for Gillman Lubel: term=3, termRemaining=3
2026-08-05 08:42:38 - floosball.playerManager - INFO - Fixed contract for Mandy Hernder: term=2, termRemaining=2
2026-08-05 08:42:38 - floosball.playerManager - INFO - Fixed contract for Dingers Culpepper: term=2, termRemaining=2
2026-08-05 08:42:38 - floosball.playerManager - INFO - Fixed contract for Stimmy Hottson: term=2, termRemaining=2
2026-08-05 08:42:38 - floosball.playerManager - INFO - Fixed contract for Nudge Optimal: term=2, termRemaining=2
2026-08-05 08:42:38 - floosball.playerManager - INFO - Fixed contract for Alvin DeTamble: term=2, termRemaining=2
2026-08-05 08:42:38 - floosball.playerManager - INFO - Fixed contract for Petty Lord Aedilhun: term=1, termRemaining=1
2026-08-05 08:42:38 - floosball.playerManager - INFO - Fixed contract for Lussel Rambert: term=3, termRemaining=3
2026-08-05 08:42:38 - floosball.playerManager - INFO - Fixed contract for Daisy Flint: term=2, termRemaining=2
2026-08-05 08:42:38 - floosball.playerManager - INFO - Fixed contract for Wispy July: term=2, termRemaining=2
2026-08-05 08:42:38 - floosball.playerManager - INFO - Fixed contract for Azazel Wonderbeak: term=3, termRemaining=3
2026-08-05 08:42:38 - floosball.playerManager - INFO - Fixed contract for Mortimer Redmond: term=1, termRemaining=1
2026-08-05 08:42:38 - floosball.playerManager - INFO - Fixed contract for King Halfpipe: term=2, termRemaining=2
2026-08-05 08:42:38 - floosball.playerManager - INFO - Fixed contract for Mario Trolleyproblem: term=2, termRemaining=2
2026-08-05 08:42:38 - floosball.playerManager - INFO - Fixed contract for Tobi Retro: term=2, termRemaining=2
2026-08-05 08:42:38 - floosball.playerManager - INFO - Fixed contract for Inchworm Donahue: term=2, termRemaining=2
2026-08-05 08:42:38 - floosball.playerManager - INFO - Fixed contract for Lemonade Mouthfeel: term=2, termRemaining=2
2026-08-05 08:42:38 - floosball.playerManager - INFO - Fixed contract for Storyboard Peterson: term=2, termRemaining=2
2026-08-05 08:42:38 - floosball.playerManager - INFO - Fixed contract for Frau Pumpernick: term=2, termRemaining=2
2026-08-05 08:42:38 - floosball.playerManager - INFO - Fixed contract for Griffin Star: term=3, termRemaining=3
2026-08-05 08:42:38 - floosball.playerManager - INFO - Fixed contract for Marjorie Eggtaker: term=2, termRemaining=2
2026-08-05 08:42:38 - floosball.playerManager - INFO - Fixed contract for Linda Delightful: term=3, termRemaining=3
2026-08-05 08:42:38 - floosball.playerManager - INFO - Fixed contract for Tiago Sheskey: term=2, termRemaining=2
2026-08-05 08:42:38 - floosball.playerManager - INFO - Fixed contract for Alaska Markova: term=2, termRemaining=2
2026-08-05 08:42:38 - floosball.playerManager - INFO - Fixed contract for Cornbread Tippins: term=3, termRemaining=3
2026-08-05 08:42:38 - floosball.playerManager - INFO - Fixed contract for Laserdisc Gutpunch: term=2, termRemaining=2
2026-08-05 08:42:38 - floosball.playerManager - INFO - Fixed contract for Tuppence Firstdown: term=2, termRemaining=2
2026-08-05 08:42:38 - floosball.playerManager - INFO - Fixed contract for Roadie Plotumbus: term=3, termRemaining=3
2026-08-05 08:42:38 - floosball.playerManager - INFO - Fixed contract for Woof McNewberry: term=2, termRemaining=2
2026-08-05 08:42:38 - floosball.playerManager - INFO - Fixed contract for Nimble Postcards: term=2, termRemaining=2
2026-08-05 08:42:38 - floosball.playerManager - INFO - Fixed contract for Woody Mallrat: term=2, termRemaining=2
2026-08-05 08:42:38 - floosball.playerManager - INFO - Fixed contract for Jezebel Discodance: term=2, termRemaining=2
2026-08-05 08:42:38 - floosball.playerManager - INFO - Fixed contract for Trowbridge Langdon: term=2, termRemaining=2
2026-08-05 08:42:38 - floosball.playerManager - INFO - Fixed contract for Gibby Hangis: term=2, termRemaining=2
2026-08-05 08:42:38 - floosball.playerManager - INFO - Fixed contract for Sporty Daniels: term=2, termRemaining=2
2026-08-05 08:42:38 - floosball.playerManager - INFO - Fixed contract for Fozzie Montgomery: term=3, termRemaining=3
2026-08-05 08:42:38 - floosball.playerManager - INFO - Fixed contract for Whiskey Scepter: term=3, termRemaining=3
2026-08-05 08:42:38 - floosball.playerManager - INFO - Fixed contract for Bobson Gearloose: term=2, termRemaining=2
2026-08-05 08:42:38 - floosball.playerManager - INFO - Fixed contract for Quiet Lasorda: term=2, termRemaining=2
2026-08-05 08:42:38 - floosball.playerManager - INFO - Fixed contract for Grandma Yousuf: term=2, termRemaining=2
2026-08-05 08:42:38 - floosball.playerManager - INFO - Fixed contract for Dottie Indifferent: term=2, termRemaining=2
2026-08-05 08:42:38 - floosball.playerManager - INFO - Fixed contract for Spike Pavidis: term=2, termRemaining=2
2026-08-05 08:42:38 - floosball.playerManager - INFO - Fixed contract for Collard Ashtide: term=3, termRemaining=3
2026-08-05 08:42:38 - floosball.playerManager - INFO - Fixed contract for Roderick Furenay: term=2, termRemaining=2
2026-08-05 08:42:38 - floosball.playerManager - INFO - Fixed contract for Yric, Warrior of Fangs: term=3, termRemaining=3
2026-08-05 08:42:38 - floosball.playerManager - INFO - Fixed contract for Jabby Nichols: term=2, termRemaining=2
2026-08-05 08:42:38 - floosball.playerManager - INFO - Fixed contract for Updog Gillette: term=1, termRemaining=1
2026-08-05 08:42:38 - floosball.playerManager - INFO - Fixed contract for Hatchetman Wexton: term=2, termRemaining=2
2026-08-05 08:42:38 - floosball.playerManager - INFO - Fixed contract for Grik David: term=2, termRemaining=2
2026-08-05 08:42:38 - floosball.playerManager - INFO - Fixed contract for Grover Mailfraud: term=3, termRemaining=3
2026-08-05 08:42:38 - floosball.playerManager - INFO - Fixed contract for Aria Shoegazer: term=2, termRemaining=2
2026-08-05 08:42:38 - floosball.playerManager - INFO - Fixed contract for Sylvester Howard-Howard: term=2, termRemaining=2
2026-08-05 08:42:38 - floosball.playerManager - INFO - Fixed contract for Bootleg Zeppo: term=2, termRemaining=2
2026-08-05 08:42:38 - floosball.playerManager - INFO - Fixed contract for Tock Klaxxon: term=2, termRemaining=2
2026-08-05 08:42:38 - floosball.playerManager - INFO - Fixed contract for Thomartin Kellsey: term=2, termRemaining=2
2026-08-05 08:42:38 - floosball.playerManager - INFO - Fixed contract for Harlan Paulsen: term=1, termRemaining=1
2026-08-05 08:42:38 - floosball.playerManager - INFO - Fixed contract for Bellamy Cheese: term=2, termRemaining=2
2026-08-05 08:42:38 - floosball.playerManager - INFO - Fixed contract for Cael Lingardo: term=2, termRemaining=2
2026-08-05 08:42:38 - floosball.playerManager - INFO - Fixed contract for Sigi Allison: term=3, termRemaining=3
2026-08-05 08:42:38 - floosball.playerManager - INFO - Fixed contract for Polly Fruitsnacks: term=3, termRemaining=3
2026-08-05 08:42:38 - floosball.playerManager - INFO - Fixed contract for Silas Batterbee: term=2, termRemaining=2
2026-08-05 08:42:38 - floosball.playerManager - INFO - Fixed contract for The Duchess: term=1, termRemaining=1
2026-08-05 08:42:38 - floosball.playerManager - INFO - Fixed contract for Cam McLoverly: term=2, termRemaining=2
2026-08-05 08:42:38 - floosball.playerManager - INFO - Fixed contract for Nephew Langone: term=2, termRemaining=2
2026-08-05 08:42:38 - floosball.playerManager - INFO - Fixed contract for Charming Netizen: term=2, termRemaining=2
2026-08-05 08:42:38 - floosball.playerManager - INFO - Fixed contract for Callaway Casey: term=2, termRemaining=2
2026-08-05 08:42:38 - floosball.playerManager - INFO - Fixed contract for Sam Colt: term=2, termRemaining=2
2026-08-05 08:42:38 - floosball.playerManager - INFO - Fixed contract for Swap Dreamy: term=2, termRemaining=2
2026-08-05 08:42:38 - floosball.playerManager - INFO - Fixed contract for Teodor McVideo: term=2, termRemaining=2
2026-08-05 08:42:38 - floosball.playerManager - INFO - Fixed contract for Fold Madison: term=2, termRemaining=2
2026-08-05 08:42:38 - floosball.playerManager - INFO - Fixed contract for Frig Lagotis: term=3, termRemaining=3
2026-08-05 08:42:38 - floosball.playerManager - INFO - Fixed contract for Lowis Spangpoke: term=2, termRemaining=2
2026-08-05 08:42:38 - floosball.playerManager - INFO - Fixed contract for Danielle Treasures: term=2, termRemaining=2
2026-08-05 08:42:38 - floosball.playerManager - INFO - Fixed contract for Ferdinand Armandleg: term=3, termRemaining=3
2026-08-05 08:42:38 - floosball.playerManager - INFO - Fixed contract for Onions Rodger: term=2, termRemaining=2
2026-08-05 08:42:38 - floosball.playerManager - INFO - Fixed contract for Ashley Beetlunk: term=2, termRemaining=2
2026-08-05 08:42:38 - floosball.playerManager - INFO - Fixed contract for Keene Rockaway: term=2, termRemaining=2
2026-08-05 08:42:38 - floosball.playerManager - INFO - Fixed contract for Cowpoke Tungle: term=2, termRemaining=2
2026-08-05 08:42:38 - floosball.playerManager - INFO - Fixed contract for Mr. Vanilla: term=2, termRemaining=2
2026-08-05 08:42:38 - floosball.playerManager - INFO - Fixed contract for Fancy Ravenmaster: term=2, termRemaining=2
2026-08-05 08:42:38 - floosball.playerManager - INFO - Fixed contract for Danno Tanders: term=2, termRemaining=2
2026-08-05 08:42:38 - floosball.playerManager - INFO - Fixed contract for Trisha Starlight: term=2, termRemaining=2
2026-08-05 08:42:38 - floosball.playerManager - INFO - Fixed contract for Fondue Messaround: term=2, termRemaining=2
2026-08-05 08:42:38 - floosball.playerManager - INFO - Fixed contract for Dippy Tish: term=2, termRemaining=2
2026-08-05 08:42:38 - floosball.playerManager - INFO - Fixed contract for Jonathan Hornette: term=2, termRemaining=2
2026-08-05 08:42:38 - floosball.playerManager - INFO - Fixed contract for Shinobu Kane: term=2, termRemaining=2
2026-08-05 08:42:38 - floosball.playerManager - INFO - Fixed contract for Spooky Fred: term=2, termRemaining=2
2026-08-05 08:42:38 - floosball.playerManager - INFO - Fixed contract for Shooter Ishmael: term=1, termRemaining=1
2026-08-05 08:42:38 - floosball.playerManager - INFO - Fixed contract for Nyle Posette: term=3, termRemaining=3
2026-08-05 08:42:38 - floosball.playerManager - INFO - Fixed contract for Lohnny Roosevelt: term=2, termRemaining=2
2026-08-05 08:42:38 - floosball.playerManager - INFO - Fixed contract for Nubby Banger: term=3, termRemaining=3
2026-08-05 08:42:38 - floosball.playerManager - INFO - Fixed contract for Ducks Fitzgerald: term=2, termRemaining=2
2026-08-05 08:42:38 - floosball.playerManager - INFO - Fixed contract for Jazzman DuRane: term=2, termRemaining=2
2026-08-05 08:42:38 - floosball.playerManager - INFO - Fixed contract for Vigo Butcher: term=2, termRemaining=2
2026-08-05 08:42:38 - floosball.playerManager - INFO - Fixed contract for Biggs Petite: term=2, termRemaining=2
2026-08-05 08:42:38 - floosball.playerManager - INFO - Fixed contract for Tessa Modest: term=3, termRemaining=3
2026-08-05 08:42:38 - floosball.playerManager - INFO - Fixed contract for Ralphonso Lightgun: term=2, termRemaining=2
2026-08-05 08:42:38 - floosball.playerManager - INFO - Fixed contract for Mary-Sue Powerwalk: term=2, termRemaining=2
2026-08-05 08:42:38 - floosball.playerManager - INFO - Fixed contract for Fuzzy Kazoo: term=2, termRemaining=2
2026-08-05 08:42:38 - floosball.playerManager - INFO - Fixed contract for Tobias Clayhanger: term=2, termRemaining=2
2026-08-05 08:42:38 - floosball.playerManager - INFO - Fixed contract for John St. Funk: term=2, termRemaining=2
2026-08-05 08:42:38 - floosball.playerManager - INFO - Fixed contract for Twerp Boson: term=2, termRemaining=2
2026-08-05 08:42:38 - floosball.playerManager - INFO - Fixed contract for Ronnie Nightman: term=2, termRemaining=2
2026-08-05 08:42:38 - floosball.playerManager - INFO - Fixed contract for Brother Beowulf: term=3, termRemaining=3
2026-08-05 08:42:38 - floosball.playerManager - INFO - Fixed contract for Al Listen: term=2, termRemaining=2
2026-08-05 08:42:38 - floosball.playerManager - INFO - Fixed contract for Oildrum McTavish: term=2, termRemaining=2
2026-08-05 08:42:38 - floosball.playerManager - INFO - Fixed contract for Mustang Hotfuss: term=1, termRemaining=1
2026-08-05 08:42:38 - floosball.playerManager - INFO - Fixed contract for Donna Briefs: term=2, termRemaining=2
2026-08-05 08:42:38 - floosball.playerManager - INFO - Fixed contract for Commish Valleygirl: term=3, termRemaining=3
2026-08-05 08:42:38 - floosball.playerManager - INFO - Fixed contract for Manitoba Babe: term=2, termRemaining=2
2026-08-05 08:42:38 - floosball.playerManager - INFO - Fixed contract for Honor Carver: term=3, termRemaining=3
2026-08-05 08:42:38 - floosball.playerManager - INFO - Fixed contract state for 192 players during team assignment
2026-08-05 08:42:38 - floosball.playerManager - INFO - Assigned 0 players to team rosters, 192 free agents identified
2026-08-05 08:42:38 - floosball.application - INFO - Draft check: 32/32 teams have empty rosters. Needs draft: True
2026-08-05 08:42:38 - floosball.application - INFO - Conducting initial draft...
2026-08-05 08:42:38 - floosball.playerManager - INFO - Starting initial player draft
2026-08-05 08:42:38 - floosball.playerManager - INFO - Draft complete: 0 undrafted players moved to free agency
2026-08-05 08:42:38 - floosball.playerManager - INFO - Draft complete. 192 players drafted, 192 free agents
2026-08-05 08:42:38 - floosball.application - INFO - Assigning personality traits...
2026-08-05 08:42:38 - floosball.application - INFO - Personality assigned: 384 players (128 base, 226 common variants, 30 rare variants), 0 quirked
2026-08-05 08:42:38 - floosball.application - INFO -   → rare variants in league: alien, android, fossil, ghost, knight, poetic, prophet, sleepwalker, time_traveler
2026-08-05 08:42:38 - floosball.application - INFO - Initializing teams with rosters...
2026-08-05 08:42:38 - floosball.team_manager - INFO - Assigned offense tiers for all teams
2026-08-05 08:42:38 - floosball.team_manager - INFO - Sorted defense tiers for all teams
2026-08-05 08:42:38 - floosball.team_manager - INFO - Avatar pre-generation complete: 0 new, 32 cached
2026-08-05 08:42:38 - floosball.team_manager - INFO - Initialized 32 teams
2026-08-05 08:42:38 - floosball.application - INFO - Calculating initial ELO ratings...
2026-08-05 08:42:38 - floosball.team_manager - INFO - Calculating new ELO ratings for all teams
2026-08-05 08:42:38 - floosball.team_manager - INFO - ELO ratings updated for 32 teams (mean rating: 76)
2026-08-05 08:42:38 - floosball.playerManager - INFO - Saving player data to database
2026-08-05 08:42:38 - floosball.playerManager - INFO - Saved 192 players to database (192 active, 0 retired)
2026-08-05 08:42:38 - floosball.playerManager - INFO - Team assignment stats: 192 with teams, 0 free agents, 0 retired, 0 null teams, 0 errors
2026-08-05 08:42:38 - floosball.leagueManager - INFO - Saved league data for 2 leagues
2026-08-05 08:42:38 - floosball.team_manager - INFO - Saved 32 teams to database
2026-08-05 08:42:38 - floosball.record_manager - INFO - Saved 0 records to database
2026-08-05 08:42:38 - floosball.application - INFO - League initialization complete
2026-08-05 08:42:38 - floosball.api - INFO - FloosballApplication reference set in API
2026-08-05 08:42:38 - floosball.game_broadcaster - INFO - Game broadcasting ENABLED
2026-08-05 08:42:38 - floosball.api_server - INFO - Game broadcasting enabled
2026-08-05 08:42:38 - floosball.api_server - INFO - FloosballApplication initialized successfully
2026-08-05 08:42:38 - floosball.api_server - INFO - Starting API server on http://0.0.0.0:11900
2026-08-05 08:42:38 - floosball.api_server - INFO - API documentation: http://localhost:11900/docs
2026-08-05 08:42:38 - floosball.api_server - INFO - WebSocket endpoints:
2026-08-05 08:42:38 - floosball.api_server - INFO -   - ws://localhost:8000/ws/game/{game_id}
2026-08-05 08:42:38 - floosball.api_server - INFO -   - ws://localhost:8000/ws/season
2026-08-05 08:42:38 - floosball.api_server - INFO -   - ws://localhost:8000/ws/standings
2026-08-05 08:42:38 - floosball.api_server - INFO - ============================================================
2026-08-05 08:42:38 - floosball.application - INFO - Starting league simulation
2026-08-05 08:42:38 - floosball.application - INFO - Starting new simulation - 10 seasons
2026-08-05 08:42:38 - floosball.application - INFO - Simulating 10 seasons
2026-08-05 08:42:38 - floosball.application - INFO - === SEASON 1 ===
2026-08-05 08:42:38 - floosball.seasonManager - INFO - Starting season 1
2026-08-05 08:42:38 - floosball.leagueManager - INFO - Cleared season data for all leagues
2026-08-05 08:42:38 - floosball.team_manager - INFO - Cleared season stats for all teams
2026-08-05 08:42:38 - floosball.seasonManager - INFO - Creating season schedule using original algorithm
2026-08-05 08:42:38 - floosball.seasonManager - INFO - Divisional schedule: 7 division + 8 cross-division + 6 interleague + 7 division (run-in) = 28 weeks
2026-08-05 08:42:38 - floosball.seasonManager - INFO - Created 38-week schedule with 28 games
2026-08-05 08:42:38 - floosball.seasonManager - INFO - Funding tiers assigned for season 1: {'MID_MARKET': 32}
2026-08-05 08:42:38 - floosball.seasonManager - INFO - Initialized team funding for season 1 (baseline=200F)
2026-08-05 08:42:38 - floosball.team_manager - INFO - Setting prior-season pressure baselines for season 1
2026-08-05 08:42:38 - floosball.team_manager - INFO - Prior-season pressure baselines set
2026-08-05 08:42:38 - floosball.seasonManager - INFO - Parity re-map skipped — pool already on curve (18% 4-5-star)
2026-08-05 08:42:38 - floosball.cardManager - INFO - Generated 579 card templates for season 1 (579 classified)
2026-08-05 08:42:38 - floosball.seasonManager - INFO - Card template generation complete: 579 templates for season 1
2026-08-05 08:42:38 - floosball.playerManager - INFO - Rating history: snapshotted 192 new entries for season 1
2026-08-05 08:42:38 - floosball.playerManager - INFO - Saving player data to database
2026-08-05 08:42:39 - floosball.playerManager - INFO - Saved 192 players to database (192 active, 0 retired)
2026-08-05 08:42:39 - floosball.playerManager - INFO - Team assignment stats: 192 with teams, 0 free agents, 0 retired, 0 null teams, 0 errors
2026-08-05 08:42:39 - floosball.playerManager - INFO - Freeze legacy dev-arc (dryRun=False): 3 players, 6 attrs
2026-08-05 08:42:39 - floosball.seasonManager - INFO - Legacy dev-arc freeze complete: {'frozen': 3, 'attrsChanged': 6}
2026-08-05 08:42:39 - floosball.seasonManager - INFO - Saved season 1 to database
2026-08-05 08:42:39 - floosball.seasonManager - INFO - Season 1 initialized with 28 games
2026-08-05 08:42:39 - floosball.seasonManager - INFO - Running simulation for season 1
2026-08-05 08:42:39 - floosball.seasonManager - INFO - Opened game stats file: logs/game_stats_season_1.txt
2026-08-05 08:42:39 - floosball.seasonManager - INFO - Simulating Week 1 in fast mode
2026-08-05 08:42:39 - floosball.seasonManager - INFO - Weekly modifier for S1W1: Amplify
2026-08-05 08:42:39 - floosball.seasonManager - INFO - Weekly modifier already set for S1W1: amplify
2026-08-05 08:42:39 - floosball.seasonManager - INFO - Weekly modifier for S1W2: Frenzy
2026-08-05 08:42:39 - floosball.seasonManager - INFO - Weekly modifier for S1W3: Ironclad
2026-08-05 08:42:39 - floosball.seasonManager - INFO - Weekly modifier for S1W4: Longshot
2026-08-05 08:42:39 - floosball.seasonManager - INFO - Weekly modifier for S1W5: Steady
2026-08-05 08:42:39 - floosball.seasonManager - INFO - Weekly modifier for S1W6: Synergy
2026-08-05 08:42:39 - floosball.seasonManager - INFO - Weekly modifier for S1W7: Fortunate
2026-08-05 08:42:39 - floosball.rulevote - INFO - Rule vote OPEN: S1 day 0 kind=change options=[{'key': 'gf_chess_clock_30', 'label': 'Chess Clock (30:00 each)', 'patch': {'gameFormat': 'chess_clock', 'offenseClockBudgetSeconds': 1800}, 'field': None, 'value': None}, {'key': 'gf_innings_3', 'label': 'Innings (3, try-driven)', 'patch': {'gameFormat': 'innings', 'inningsPerGame': 3, 'triesPerInning': 3}, 'field': None, 'value': None}, {'key': 'gf_frames_6', 'label': 'Frames (6, match play)', 'patch': {'gameFormat': 'frames', 'framesPerGame': 6}, 'field': None, 'value': None}] closes=2026-08-05 12:43:39.158485
2026-08-05 08:42:39 - floosball.anomaly - INFO - Seeded LeagueAnomalyState season=1 threshold=1000000000 (hidden)
2026-08-05 08:42:39 - floosball.anomaly - INFO - Anomaly weekly tick complete — season 1, week 1
2026-08-05 08:42:39 - floosball.backup - INFO - DB backup loop: first in 300s, then every 24.0h, keeping 7.
2026-08-05 08:42:39 - floosball.api - INFO - Starting Floosball API server
2026-08-05 08:42:39 - floosball.game_broadcaster - INFO - Main event loop registered for cross-thread broadcasts
2026-08-05 08:42:39 - floosball.api - INFO - API server ready - waiting for FloosballApplication initialization
2026-08-05 08:42:41 - floosball.playerManager - INFO - Calculating performance ratings for week 1
2026-08-05 08:42:41 - floosball.playerManager - INFO - Performance ratings calculated for week 1
2026-08-05 08:42:41 - floosball.team_manager - INFO - Sorted defense tiers for all teams
2026-08-05 08:42:41 - floosball.seasonManager - INFO - Saved team season stats for season 1
2026-08-05 08:42:41 - floosball.playerManager - INFO - Saving player data to database
2026-08-05 08:42:41 - floosball.playerManager - INFO - Saved 192 players to database (192 active, 0 retired)
2026-08-05 08:42:41 - floosball.playerManager - INFO - Team assignment stats: 192 with teams, 0 free agents, 0 retired, 0 null teams, 0 errors
2026-08-05 08:42:41 - floosball.seasonManager - INFO - Showcase dividends paid to 0 users (S1 wk1)
2026-08-05 08:42:41 - floosball.supporter - INFO - Supporter accrual s1 w1: 0/0 fans credited
2026-08-05 08:42:41 - floosball.seasonManager - INFO - Pick-em resolved for S1W1: 0 users
2026-08-05 08:42:41 - floosball.seasonManager - INFO - Unlocked equipped cards for week 1
2026-08-05 08:42:41 - floosball.seasonManager - INFO - Simulating Week 2 in fast mode
2026-08-05 08:42:41 - floosball.seasonManager - INFO - Weekly modifier already set for S1W2: frenzy
2026-08-05 08:42:41 - floosball.seasonManager - INFO - Weekly modifier already set for S1W1: amplify
2026-08-05 08:42:41 - floosball.seasonManager - INFO - Weekly modifier already set for S1W2: frenzy
2026-08-05 08:42:41 - floosball.seasonManager - INFO - Weekly modifier already set for S1W3: ironclad
2026-08-05 08:42:41 - floosball.seasonManager - INFO - Weekly modifier already set for S1W4: longshot
2026-08-05 08:42:41 - floosball.seasonManager - INFO - Weekly modifier already set for S1W5: steady
2026-08-05 08:42:41 - floosball.seasonManager - INFO - Weekly modifier already set for S1W6: synergy
2026-08-05 08:42:41 - floosball.seasonManager - INFO - Weekly modifier already set for S1W7: fortunate
2026-08-05 08:42:41 - floosball.anomaly - INFO - Anomaly weekly tick complete — season 1, week 2
2026-08-05 08:42:41 - floosball.seasonManager - INFO - Memory cleanup: cleared play-by-play data from 16 completed games
2026-08-05 08:42:42 - floosball.playerManager - INFO - Calculating performance ratings for week 2
2026-08-05 08:42:42 - floosball.playerManager - INFO - Performance ratings calculated for week 2
2026-08-05 08:42:42 - floosball.team_manager - INFO - Sorted defense tiers for all teams
2026-08-05 08:42:42 - floosball.seasonManager - INFO - Saved team season stats for season 1
2026-08-05 08:42:42 - floosball.playerManager - INFO - Saving player data to database
2026-08-05 08:42:43 - floosball.playerManager - INFO - Saved 192 players to database (192 active, 0 retired)
2026-08-05 08:42:43 - floosball.playerManager - INFO - Team assignment stats: 192 with teams, 0 free agents, 0 retired, 0 null teams, 0 errors
2026-08-05 08:42:43 - floosball.seasonManager - INFO - Showcase dividends paid to 0 users (S1 wk2)
2026-08-05 08:42:43 - floosball.supporter - INFO - Supporter accrual s1 w2: 0/0 fans credited
2026-08-05 08:42:43 - floosball.seasonManager - INFO - Pick-em resolved for S1W2: 0 users
2026-08-05 08:42:43 - floosball.seasonManager - INFO - Unlocked equipped cards for week 2
2026-08-05 08:42:43 - floosball.seasonManager - INFO - Simulating Week 3 in fast mode
2026-08-05 08:42:43 - floosball.seasonManager - INFO - Weekly modifier already set for S1W3: ironclad
2026-08-05 08:42:43 - floosball.seasonManager - INFO - Weekly modifier already set for S1W1: amplify
2026-08-05 08:42:43 - floosball.seasonManager - INFO - Weekly modifier already set for S1W2: frenzy
2026-08-05 08:42:43 - floosball.seasonManager - INFO - Weekly modifier already set for S1W3: ironclad
2026-08-05 08:42:43 - floosball.seasonManager - INFO - Weekly modifier already set for S1W4: longshot
2026-08-05 08:42:43 - floosball.seasonManager - INFO - Weekly modifier already set for S1W5: steady
2026-08-05 08:42:43 - floosball.seasonManager - INFO - Weekly modifier already set for S1W6: synergy
2026-08-05 08:42:43 - floosball.seasonManager - INFO - Weekly modifier already set for S1W7: fortunate
2026-08-05 08:42:43 - floosball.anomaly - INFO - Anomaly weekly tick complete — season 1, week 3
2026-08-05 08:42:43 - floosball.seasonManager - INFO - Memory cleanup: cleared play-by-play data from 16 completed games
2026-08-05 08:42:44 - floosball.playerManager - INFO - Calculating performance ratings for week 3
2026-08-05 08:42:44 - floosball.playerManager - INFO - Performance ratings calculated for week 3
2026-08-05 08:42:44 - floosball.team_manager - INFO - Sorted defense tiers for all teams
2026-08-05 08:42:44 - floosball.seasonManager - INFO - Saved team season stats for season 1
2026-08-05 08:42:44 - floosball.playerManager - INFO - Saving player data to database
2026-08-05 08:42:44 - floosball.playerManager - INFO - Saved 192 players to database (192 active, 0 retired)
2026-08-05 08:42:44 - floosball.playerManager - INFO - Team assignment stats: 192 with teams, 0 free agents, 0 retired, 0 null teams, 0 errors
2026-08-05 08:42:44 - floosball.seasonManager - INFO - Showcase dividends paid to 0 users (S1 wk3)
2026-08-05 08:42:44 - floosball.supporter - INFO - Supporter accrual s1 w3: 0/0 fans credited
2026-08-05 08:42:44 - floosball.seasonManager - INFO - Pick-em resolved for S1W3: 0 users
2026-08-05 08:42:44 - floosball.seasonManager - INFO - Unlocked equipped cards for week 3
2026-08-05 08:42:44 - floosball.seasonManager - INFO - Simulating Week 4 in fast mode
2026-08-05 08:42:44 - floosball.seasonManager - INFO - Weekly modifier already set for S1W4: longshot
2026-08-05 08:42:44 - floosball.seasonManager - INFO - Weekly modifier already set for S1W1: amplify
2026-08-05 08:42:44 - floosball.seasonManager - INFO - Weekly modifier already set for S1W2: frenzy
2026-08-05 08:42:44 - floosball.seasonManager - INFO - Weekly modifier already set for S1W3: ironclad
2026-08-05 08:42:44 - floosball.seasonManager - INFO - Weekly modifier already set for S1W4: longshot
2026-08-05 08:42:44 - floosball.seasonManager - INFO - Weekly modifier already set for S1W5: steady
2026-08-05 08:42:44 - floosball.seasonManager - INFO - Weekly modifier already set for S1W6: synergy
2026-08-05 08:42:44 - floosball.seasonManager - INFO - Weekly modifier already set for S1W7: fortunate
2026-08-05 08:42:44 - floosball.anomaly - INFO - Anomaly weekly tick complete — season 1, week 4
2026-08-05 08:42:44 - floosball.seasonManager - INFO - Memory cleanup: cleared play-by-play data from 16 completed games
2026-08-05 08:42:46 - floosball.playerManager - INFO - Calculating performance ratings for week 4
2026-08-05 08:42:46 - floosball.playerManager - INFO - Performance ratings calculated for week 4
2026-08-05 08:42:46 - floosball.team_manager - INFO - Sorted defense tiers for all teams
2026-08-05 08:42:46 - floosball.seasonManager - INFO - Saved team season stats for season 1
2026-08-05 08:42:46 - floosball.playerManager - INFO - Saving player data to database
2026-08-05 08:42:46 - floosball.playerManager - INFO - Saved 192 players to database (192 active, 0 retired)
2026-08-05 08:42:46 - floosball.playerManager - INFO - Team assignment stats: 192 with teams, 0 free agents, 0 retired, 0 null teams, 0 errors
2026-08-05 08:42:46 - floosball.seasonManager - INFO - Showcase dividends paid to 0 users (S1 wk4)
2026-08-05 08:42:46 - floosball.supporter - INFO - Supporter accrual s1 w4: 0/0 fans credited
2026-08-05 08:42:46 - floosball.seasonManager - INFO - Pick-em resolved for S1W4: 0 users
2026-08-05 08:42:46 - floosball.seasonManager - INFO - Unlocked equipped cards for week 4
2026-08-05 08:42:46 - floosball.seasonManager - INFO - Simulating Week 5 in fast mode
2026-08-05 08:42:46 - floosball.seasonManager - INFO - Weekly modifier already set for S1W5: steady
2026-08-05 08:42:46 - floosball.seasonManager - INFO - Weekly modifier already set for S1W1: amplify
2026-08-05 08:42:46 - floosball.seasonManager - INFO - Weekly modifier already set for S1W2: frenzy
2026-08-05 08:42:46 - floosball.seasonManager - INFO - Weekly modifier already set for S1W3: ironclad
2026-08-05 08:42:46 - floosball.seasonManager - INFO - Weekly modifier already set for S1W4: longshot
2026-08-05 08:42:46 - floosball.seasonManager - INFO - Weekly modifier already set for S1W5: steady
2026-08-05 08:42:46 - floosball.seasonManager - INFO - Weekly modifier already set for S1W6: synergy
2026-08-05 08:42:46 - floosball.seasonManager - INFO - Weekly modifier already set for S1W7: fortunate
2026-08-05 08:42:46 - floosball.anomaly - INFO - Anomaly weekly tick complete — season 1, week 5
2026-08-05 08:42:46 - floosball.seasonManager - INFO - Memory cleanup: cleared play-by-play data from 16 completed games
2026-08-05 08:42:47 - floosball.playerManager - INFO - Calculating performance ratings for week 5
2026-08-05 08:42:47 - floosball.playerManager - INFO - Performance ratings calculated for week 5
2026-08-05 08:42:47 - floosball.team_manager - INFO - Sorted defense tiers for all teams
2026-08-05 08:42:47 - floosball.seasonManager - INFO - Saved team season stats for season 1
2026-08-05 08:42:47 - floosball.playerManager - INFO - Saving player data to database
2026-08-05 08:42:48 - floosball.playerManager - INFO - Saved 192 players to database (192 active, 0 retired)
2026-08-05 08:42:48 - floosball.playerManager - INFO - Team assignment stats: 192 with teams, 0 free agents, 0 retired, 0 null teams, 0 errors
2026-08-05 08:42:48 - floosball.seasonManager - INFO - Showcase dividends paid to 0 users (S1 wk5)
2026-08-05 08:42:48 - floosball.supporter - INFO - Supporter accrual s1 w5: 0/0 fans credited
2026-08-05 08:42:48 - floosball.seasonManager - INFO - Pick-em resolved for S1W5: 0 users
2026-08-05 08:42:48 - floosball.seasonManager - INFO - Unlocked equipped cards for week 5
2026-08-05 08:42:48 - floosball.seasonManager - INFO - Simulating Week 6 in fast mode
2026-08-05 08:42:48 - floosball.seasonManager - INFO - Weekly modifier already set for S1W6: synergy
2026-08-05 08:42:48 - floosball.seasonManager - INFO - Weekly modifier already set for S1W1: amplify
2026-08-05 08:42:48 - floosball.seasonManager - INFO - Weekly modifier already set for S1W2: frenzy
2026-08-05 08:42:48 - floosball.seasonManager - INFO - Weekly modifier already set for S1W3: ironclad
2026-08-05 08:42:48 - floosball.seasonManager - INFO - Weekly modifier already set for S1W4: longshot
2026-08-05 08:42:48 - floosball.seasonManager - INFO - Weekly modifier already set for S1W5: steady
2026-08-05 08:42:48 - floosball.seasonManager - INFO - Weekly modifier already set for S1W6: synergy
2026-08-05 08:42:48 - floosball.seasonManager - INFO - Weekly modifier already set for S1W7: fortunate
2026-08-05 08:42:48 - floosball.anomaly - INFO - Adaptive threshold locked (season=1, week=6): observed over-cap=0, plateauEst=0 -> threshold=120 (hidden)
2026-08-05 08:42:48 - floosball.anomaly - INFO - Anomaly weekly tick complete — season 1, week 6
2026-08-05 08:42:48 - floosball.seasonManager - INFO - Memory cleanup: cleared play-by-play data from 16 completed games
2026-08-05 08:42:49 - floosball.playerManager - INFO - Calculating performance ratings for week 6
2026-08-05 08:42:49 - floosball.playerManager - INFO - Performance ratings calculated for week 6
2026-08-05 08:42:49 - floosball.team_manager - INFO - Sorted defense tiers for all teams
2026-08-05 08:42:49 - floosball.seasonManager - INFO - Saved team season stats for season 1
2026-08-05 08:42:49 - floosball.playerManager - INFO - Saving player data to database
2026-08-05 08:42:49 - floosball.playerManager - INFO - Saved 192 players to database (192 active, 0 retired)
2026-08-05 08:42:49 - floosball.playerManager - INFO - Team assignment stats: 192 with teams, 0 free agents, 0 retired, 0 null teams, 0 errors
2026-08-05 08:42:49 - floosball.seasonManager - INFO - Showcase dividends paid to 0 users (S1 wk6)
2026-08-05 08:42:49 - floosball.supporter - INFO - Supporter accrual s1 w6: 0/0 fans credited
2026-08-05 08:42:49 - floosball.seasonManager - INFO - Pick-em resolved for S1W6: 0 users
2026-08-05 08:42:49 - floosball.seasonManager - INFO - Unlocked equipped cards for week 6
2026-08-05 08:42:49 - floosball.seasonManager - INFO - Simulating Week 7 in fast mode
2026-08-05 08:42:49 - floosball.seasonManager - INFO - Weekly modifier already set for S1W7: fortunate
2026-08-05 08:42:49 - floosball.seasonManager - INFO - Weekly modifier already set for S1W1: amplify
2026-08-05 08:42:49 - floosball.seasonManager - INFO - Weekly modifier already set for S1W2: frenzy
2026-08-05 08:42:49 - floosball.seasonManager - INFO - Weekly modifier already set for S1W3: ironclad
2026-08-05 08:42:49 - floosball.seasonManager - INFO - Weekly modifier already set for S1W4: longshot
2026-08-05 08:42:49 - floosball.seasonManager - INFO - Weekly modifier already set for S1W5: steady
2026-08-05 08:42:49 - floosball.seasonManager - INFO - Weekly modifier already set for S1W6: synergy
2026-08-05 08:42:49 - floosball.seasonManager - INFO - Weekly modifier already set for S1W7: fortunate
2026-08-05 08:42:49 - floosball.anomaly - INFO - Anomaly weekly tick complete — season 1, week 7
2026-08-05 08:42:49 - floosball.seasonManager - INFO - Memory cleanup: cleared play-by-play data from 16 completed games
2026-08-05 08:42:51 - floosball.playerManager - INFO - Calculating performance ratings for week 7
2026-08-05 08:42:51 - floosball.playerManager - INFO - Performance ratings calculated for week 7
2026-08-05 08:42:51 - floosball.team_manager - INFO - Sorted defense tiers for all teams
2026-08-05 08:42:51 - floosball.seasonManager - INFO - Saved team season stats for season 1
2026-08-05 08:42:51 - floosball.playerManager - INFO - Saving player data to database
2026-08-05 08:42:51 - floosball.playerManager - INFO - Saved 192 players to database (192 active, 0 retired)
2026-08-05 08:42:51 - floosball.playerManager - INFO - Team assignment stats: 192 with teams, 0 free agents, 0 retired, 0 null teams, 0 errors
2026-08-05 08:42:51 - floosball.seasonManager - INFO - Showcase dividends paid to 0 users (S1 wk7)
2026-08-05 08:42:51 - floosball.supporter - INFO - Supporter accrual s1 w7: 0/0 fans credited
2026-08-05 08:42:51 - floosball.seasonManager - INFO - Pick-em resolved for S1W7: 0 users
2026-08-05 08:42:51 - floosball.seasonManager - INFO - Unlocked equipped cards for week 7
2026-08-05 08:42:51 - floosball.seasonManager - INFO - Simulating Week 8 in fast mode
2026-08-05 08:42:51 - floosball.seasonManager - INFO - Weekly modifier for S1W8: Payday
2026-08-05 08:42:51 - floosball.seasonManager - INFO - Weekly modifier already set for S1W8: payday
2026-08-05 08:42:51 - floosball.seasonManager - INFO - Weekly modifier for S1W9: Grounded
2026-08-05 08:42:51 - floosball.seasonManager - INFO - Weekly modifier for S1W10: Steady
2026-08-05 08:42:51 - floosball.seasonManager - INFO - Weekly modifier for S1W11: Amplify
2026-08-05 08:42:51 - floosball.seasonManager - INFO - Weekly modifier for S1W12: Fortunate
2026-08-05 08:42:51 - floosball.seasonManager - INFO - Weekly modifier for S1W13: Payday
2026-08-05 08:42:51 - floosball.seasonManager - INFO - Weekly modifier for S1W14: Grounded
2026-08-05 08:42:51 - floosball.rulevote - INFO - Rule vote OPEN: S1 day 1 kind=change options=[{'key': 'sidelineGoalsEnabled', 'label': 'Sideline Goals', 'patch': {'sidelineGoalsEnabled': True}, 'field': 'sidelineGoalsEnabled', 'value': True}, {'key': 'fieldGoalPoints', 'label': 'Field goal points', 'patch': {'fieldGoalPoints': 5}, 'field': 'fieldGoalPoints', 'value': 5}, {'key': 'scoringModel', 'label': 'How the score is shown', 'patch': {'scoringModel': 'spread'}, 'field': 'scoringModel', 'value': 'spread'}, {'key': 'firstDownDistance', 'label': 'Yards to a first down', 'patch': {'firstDownDistance': 8}, 'field': 'firstDownDistance', 'value': 8}] closes=2026-08-05 12:43:51.519441
2026-08-05 08:42:51 - floosball.anomaly - INFO - Anomaly weekly tick complete — season 1, week 8
2026-08-05 08:42:51 - floosball.seasonManager - INFO - Memory cleanup: cleared play-by-play data from 16 completed games
2026-08-05 08:42:53 - floosball.playerManager - INFO - Calculating performance ratings for week 8
2026-08-05 08:42:53 - floosball.playerManager - INFO - Performance ratings calculated for week 8
2026-08-05 08:42:53 - floosball.team_manager - INFO - Sorted defense tiers for all teams
2026-08-05 08:42:53 - floosball.seasonManager - INFO - Saved team season stats for season 1
2026-08-05 08:42:53 - floosball.playerManager - INFO - Saving player data to database
2026-08-05 08:42:53 - floosball.playerManager - INFO - Saved 192 players to database (192 active, 0 retired)
2026-08-05 08:42:53 - floosball.playerManager - INFO - Team assignment stats: 192 with teams, 0 free agents, 0 retired, 0 null teams, 0 errors
2026-08-05 08:42:53 - floosball.seasonManager - INFO - Showcase dividends paid to 0 users (S1 wk8)
2026-08-05 08:42:53 - floosball.supporter - INFO - Supporter accrual s1 w8: 0/0 fans credited
2026-08-05 08:42:53 - floosball.seasonManager - INFO - Pick-em resolved for S1W8: 0 users
2026-08-05 08:42:53 - floosball.seasonManager - INFO - Unlocked equipped cards for week 8
2026-08-05 08:42:53 - floosball.seasonManager - INFO - Simulating Week 9 in fast mode
2026-08-05 08:42:53 - floosball.seasonManager - INFO - Weekly modifier already set for S1W9: grounded
2026-08-05 08:42:53 - floosball.seasonManager - INFO - Weekly modifier already set for S1W8: payday
2026-08-05 08:42:53 - floosball.seasonManager - INFO - Weekly modifier already set for S1W9: grounded
2026-08-05 08:42:53 - floosball.seasonManager - INFO - Weekly modifier already set for S1W10: steady
2026-08-05 08:42:53 - floosball.seasonManager - INFO - Weekly modifier already set for S1W11: amplify
2026-08-05 08:42:53 - floosball.seasonManager - INFO - Weekly modifier already set for S1W12: fortunate
2026-08-05 08:42:53 - floosball.seasonManager - INFO - Weekly modifier already set for S1W13: payday
2026-08-05 08:42:53 - floosball.seasonManager - INFO - Weekly modifier already set for S1W14: grounded
2026-08-05 08:42:53 - floosball.anomaly - INFO - Anomaly weekly tick complete — season 1, week 9
2026-08-05 08:42:53 - floosball.seasonManager - INFO - Memory cleanup: cleared play-by-play data from 16 completed games
2026-08-05 08:42:54 - floosball.playerManager - INFO - Calculating performance ratings for week 9
2026-08-05 08:42:54 - floosball.playerManager - INFO - Performance ratings calculated for week 9
2026-08-05 08:42:54 - floosball.team_manager - INFO - Sorted defense tiers for all teams
2026-08-05 08:42:54 - floosball.seasonManager - INFO - Saved team season stats for season 1
2026-08-05 08:42:54 - floosball.playerManager - INFO - Saving player data to database
2026-08-05 08:42:55 - floosball.playerManager - INFO - Saved 192 players to database (192 active, 0 retired)
2026-08-05 08:42:55 - floosball.playerManager - INFO - Team assignment stats: 192 with teams, 0 free agents, 0 retired, 0 null teams, 0 errors
2026-08-05 08:42:55 - floosball.seasonManager - INFO - Showcase dividends paid to 0 users (S1 wk9)
2026-08-05 08:42:55 - floosball.supporter - INFO - Supporter accrual s1 w9: 0/0 fans credited
2026-08-05 08:42:55 - floosball.seasonManager - INFO - Pick-em resolved for S1W9: 0 users
2026-08-05 08:42:55 - floosball.seasonManager - INFO - Unlocked equipped cards for week 9
2026-08-05 08:42:55 - floosball.seasonManager - INFO - Simulating Week 10 in fast mode
2026-08-05 08:42:55 - floosball.seasonManager - INFO - Weekly modifier already set for S1W10: steady
2026-08-05 08:42:55 - floosball.seasonManager - INFO - Weekly modifier already set for S1W8: payday
2026-08-05 08:42:55 - floosball.seasonManager - INFO - Weekly modifier already set for S1W9: grounded
2026-08-05 08:42:55 - floosball.seasonManager - INFO - Weekly modifier already set for S1W10: steady
2026-08-05 08:42:55 - floosball.seasonManager - INFO - Weekly modifier already set for S1W11: amplify
2026-08-05 08:42:55 - floosball.seasonManager - INFO - Weekly modifier already set for S1W12: fortunate
2026-08-05 08:42:55 - floosball.seasonManager - INFO - Weekly modifier already set for S1W13: payday
2026-08-05 08:42:55 - floosball.seasonManager - INFO - Weekly modifier already set for S1W14: grounded
2026-08-05 08:42:55 - floosball.anomaly - INFO - Anomaly weekly tick complete — season 1, week 10
2026-08-05 08:42:55 - floosball.seasonManager - INFO - Memory cleanup: cleared play-by-play data from 16 completed games
2026-08-05 08:42:56 - floosball.playerManager - INFO - Calculating performance ratings for week 10
2026-08-05 08:42:56 - floosball.playerManager - INFO - Performance ratings calculated for week 10
2026-08-05 08:42:56 - floosball.team_manager - INFO - Sorted defense tiers for all teams
2026-08-05 08:42:56 - floosball.seasonManager - INFO - Saved team season stats for season 1
2026-08-05 08:42:56 - floosball.playerManager - INFO - Saving player data to database
2026-08-05 08:42:56 - floosball.playerManager - INFO - Saved 192 players to database (192 active, 0 retired)
2026-08-05 08:42:56 - floosball.playerManager - INFO - Team assignment stats: 192 with teams, 0 free agents, 0 retired, 0 null teams, 0 errors
2026-08-05 08:42:56 - floosball.seasonManager - INFO - Showcase dividends paid to 0 users (S1 wk10)
2026-08-05 08:42:56 - floosball.supporter - INFO - Supporter accrual s1 w10: 0/0 fans credited
2026-08-05 08:42:56 - floosball.seasonManager - INFO - Pick-em resolved for S1W10: 0 users
2026-08-05 08:42:56 - floosball.seasonManager - INFO - Unlocked equipped cards for week 10
2026-08-05 08:42:56 - floosball.seasonManager - INFO - Simulating Week 11 in fast mode
2026-08-05 08:42:56 - floosball.seasonManager - INFO - Weekly modifier already set for S1W11: amplify
2026-08-05 08:42:56 - floosball.seasonManager - INFO - Weekly modifier already set for S1W8: payday
2026-08-05 08:42:56 - floosball.seasonManager - INFO - Weekly modifier already set for S1W9: grounded
2026-08-05 08:42:56 - floosball.seasonManager - INFO - Weekly modifier already set for S1W10: steady
2026-08-05 08:42:56 - floosball.seasonManager - INFO - Weekly modifier already set for S1W11: amplify
2026-08-05 08:42:56 - floosball.seasonManager - INFO - Weekly modifier already set for S1W12: fortunate
2026-08-05 08:42:56 - floosball.seasonManager - INFO - Weekly modifier already set for S1W13: payday
2026-08-05 08:42:56 - floosball.seasonManager - INFO - Weekly modifier already set for S1W14: grounded
2026-08-05 08:42:56 - floosball.anomaly - INFO - Anomaly weekly tick complete — season 1, week 11
2026-08-05 08:42:56 - floosball.seasonManager - INFO - Memory cleanup: cleared play-by-play data from 16 completed games
2026-08-05 08:42:58 - floosball.playerManager - INFO - Calculating performance ratings for week 11
2026-08-05 08:42:58 - floosball.playerManager - INFO - Performance ratings calculated for week 11
2026-08-05 08:42:58 - floosball.team_manager - INFO - Sorted defense tiers for all teams
2026-08-05 08:42:58 - floosball.seasonManager - INFO - Saved team season stats for season 1
2026-08-05 08:42:58 - floosball.playerManager - INFO - Saving player data to database
2026-08-05 08:42:58 - floosball.playerManager - INFO - Saved 192 players to database (192 active, 0 retired)
2026-08-05 08:42:58 - floosball.playerManager - INFO - Team assignment stats: 192 with teams, 0 free agents, 0 retired, 0 null teams, 0 errors
2026-08-05 08:42:58 - floosball.seasonManager - INFO - Showcase dividends paid to 0 users (S1 wk11)
2026-08-05 08:42:58 - floosball.supporter - INFO - Supporter accrual s1 w11: 0/0 fans credited
2026-08-05 08:42:58 - floosball.seasonManager - INFO - Pick-em resolved for S1W11: 0 users
2026-08-05 08:42:58 - floosball.seasonManager - INFO - Unlocked equipped cards for week 11
2026-08-05 08:42:58 - floosball.seasonManager - INFO - Simulating Week 12 in fast mode
2026-08-05 08:42:58 - floosball.seasonManager - INFO - Weekly modifier already set for S1W12: fortunate
2026-08-05 08:42:58 - floosball.seasonManager - INFO - Weekly modifier already set for S1W8: payday
2026-08-05 08:42:58 - floosball.seasonManager - INFO - Weekly modifier already set for S1W9: grounded
2026-08-05 08:42:58 - floosball.seasonManager - INFO - Weekly modifier already set for S1W10: steady
2026-08-05 08:42:58 - floosball.seasonManager - INFO - Weekly modifier already set for S1W11: amplify
2026-08-05 08:42:58 - floosball.seasonManager - INFO - Weekly modifier already set for S1W12: fortunate
2026-08-05 08:42:58 - floosball.seasonManager - INFO - Weekly modifier already set for S1W13: payday
2026-08-05 08:42:58 - floosball.seasonManager - INFO - Weekly modifier already set for S1W14: grounded
2026-08-05 08:42:58 - floosball.anomaly - INFO - Anomaly weekly tick complete — season 1, week 12
2026-08-05 08:42:58 - floosball.seasonManager - INFO - Memory cleanup: cleared play-by-play data from 16 completed games
2026-08-05 08:43:00 - floosball.playerManager - INFO - Calculating performance ratings for week 12
2026-08-05 08:43:00 - floosball.playerManager - INFO - Performance ratings calculated for week 12
2026-08-05 08:43:00 - floosball.team_manager - INFO - Sorted defense tiers for all teams
2026-08-05 08:43:00 - floosball.seasonManager - INFO - Saved team season stats for season 1
2026-08-05 08:43:00 - floosball.playerManager - INFO - Saving player data to database
2026-08-05 08:43:00 - floosball.playerManager - INFO - Saved 192 players to database (192 active, 0 retired)
2026-08-05 08:43:00 - floosball.playerManager - INFO - Team assignment stats: 192 with teams, 0 free agents, 0 retired, 0 null teams, 0 errors
2026-08-05 08:43:00 - floosball.seasonManager - INFO - Showcase dividends paid to 0 users (S1 wk12)
2026-08-05 08:43:00 - floosball.supporter - INFO - Supporter accrual s1 w12: 0/0 fans credited
2026-08-05 08:43:00 - floosball.seasonManager - INFO - Pick-em resolved for S1W12: 0 users
2026-08-05 08:43:00 - floosball.seasonManager - INFO - Unlocked equipped cards for week 12
2026-08-05 08:43:00 - floosball.seasonManager - INFO - Simulating Week 13 in fast mode
2026-08-05 08:43:00 - floosball.seasonManager - INFO - Weekly modifier already set for S1W13: payday
2026-08-05 08:43:00 - floosball.seasonManager - INFO - Weekly modifier already set for S1W8: payday
2026-08-05 08:43:00 - floosball.seasonManager - INFO - Weekly modifier already set for S1W9: grounded
2026-08-05 08:43:00 - floosball.seasonManager - INFO - Weekly modifier already set for S1W10: steady
2026-08-05 08:43:00 - floosball.seasonManager - INFO - Weekly modifier already set for S1W11: amplify
2026-08-05 08:43:00 - floosball.seasonManager - INFO - Weekly modifier already set for S1W12: fortunate
2026-08-05 08:43:00 - floosball.seasonManager - INFO - Weekly modifier already set for S1W13: payday
2026-08-05 08:43:00 - floosball.seasonManager - INFO - Weekly modifier already set for S1W14: grounded
2026-08-05 08:43:00 - floosball.anomaly - INFO - Anomaly weekly tick complete — season 1, week 13
2026-08-05 08:43:00 - floosball.seasonManager - INFO - Memory cleanup: cleared play-by-play data from 16 completed games
2026-08-05 08:43:01 - floosball.playerManager - INFO - Calculating performance ratings for week 13
2026-08-05 08:43:01 - floosball.playerManager - INFO - Performance ratings calculated for week 13
2026-08-05 08:43:01 - floosball.team_manager - INFO - Sorted defense tiers for all teams
2026-08-05 08:43:01 - floosball.seasonManager - INFO - Saved team season stats for season 1
2026-08-05 08:43:01 - floosball.playerManager - INFO - Saving player data to database
2026-08-05 08:43:02 - floosball.playerManager - INFO - Saved 192 players to database (192 active, 0 retired)
2026-08-05 08:43:02 - floosball.playerManager - INFO - Team assignment stats: 192 with teams, 0 free agents, 0 retired, 0 null teams, 0 errors
2026-08-05 08:43:02 - floosball.seasonManager - INFO - Showcase dividends paid to 0 users (S1 wk13)
2026-08-05 08:43:02 - floosball.supporter - INFO - Supporter accrual s1 w13: 0/0 fans credited
2026-08-05 08:43:02 - floosball.seasonManager - INFO - Pick-em resolved for S1W13: 0 users
2026-08-05 08:43:02 - floosball.seasonManager - INFO - Unlocked equipped cards for week 13
2026-08-05 08:43:02 - floosball.seasonManager - INFO - Simulating Week 14 in fast mode
2026-08-05 08:43:02 - floosball.seasonManager - INFO - Weekly modifier already set for S1W14: grounded
2026-08-05 08:43:02 - floosball.seasonManager - INFO - Weekly modifier already set for S1W8: payday
2026-08-05 08:43:02 - floosball.seasonManager - INFO - Weekly modifier already set for S1W9: grounded
2026-08-05 08:43:02 - floosball.seasonManager - INFO - Weekly modifier already set for S1W10: steady
2026-08-05 08:43:02 - floosball.seasonManager - INFO - Weekly modifier already set for S1W11: amplify
2026-08-05 08:43:02 - floosball.seasonManager - INFO - Weekly modifier already set for S1W12: fortunate
2026-08-05 08:43:02 - floosball.seasonManager - INFO - Weekly modifier already set for S1W13: payday
2026-08-05 08:43:02 - floosball.seasonManager - INFO - Weekly modifier already set for S1W14: grounded
2026-08-05 08:43:02 - floosball.anomaly - INFO - Anomaly weekly tick complete — season 1, week 14
2026-08-05 08:43:02 - floosball.seasonManager - INFO - Memory cleanup: cleared play-by-play data from 16 completed games
2026-08-05 08:43:03 - floosball.playerManager - INFO - Calculating performance ratings for week 14
2026-08-05 08:43:03 - floosball.playerManager - INFO - Performance ratings calculated for week 14
2026-08-05 08:43:03 - floosball.team_manager - INFO - Sorted defense tiers for all teams
2026-08-05 08:43:03 - floosball.seasonManager - INFO - Saved team season stats for season 1
2026-08-05 08:43:03 - floosball.playerManager - INFO - Saving player data to database
2026-08-05 08:43:03 - floosball.playerManager - INFO - Saved 192 players to database (192 active, 0 retired)
2026-08-05 08:43:03 - floosball.playerManager - INFO - Team assignment stats: 192 with teams, 0 free agents, 0 retired, 0 null teams, 0 errors
2026-08-05 08:43:03 - floosball.seasonManager - INFO - Showcase dividends paid to 0 users (S1 wk14)
2026-08-05 08:43:03 - floosball.supporter - INFO - Supporter accrual s1 w14: 0/0 fans credited
2026-08-05 08:43:03 - floosball.seasonManager - INFO - Pick-em resolved for S1W14: 0 users
2026-08-05 08:43:03 - floosball.seasonManager - INFO - Unlocked equipped cards for week 14
2026-08-05 08:43:03 - floosball.seasonManager - INFO - Simulating Week 15 in fast mode
2026-08-05 08:43:03 - floosball.seasonManager - INFO - Weekly modifier for S1W15: Frenzy
2026-08-05 08:43:03 - floosball.seasonManager - INFO - Weekly modifier already set for S1W15: frenzy
2026-08-05 08:43:03 - floosball.seasonManager - INFO - Weekly modifier for S1W16: Longshot
2026-08-05 08:43:03 - floosball.seasonManager - INFO - Weekly modifier for S1W17: Synergy
2026-08-05 08:43:03 - floosball.seasonManager - INFO - Weekly modifier for S1W18: Ironclad
2026-08-05 08:43:03 - floosball.seasonManager - INFO - Weekly modifier for S1W19: Steady
2026-08-05 08:43:03 - floosball.seasonManager - INFO - Weekly modifier for S1W20: Amplify
2026-08-05 08:43:03 - floosball.seasonManager - INFO - Weekly modifier for S1W21: Frenzy
2026-08-05 08:43:03 - floosball.rulevote - INFO - Rule vote OPEN: S1 day 2 kind=change options=[{'key': 'firstDownDistance', 'label': 'Yards to a first down', 'patch': {'firstDownDistance': 5}, 'field': 'firstDownDistance', 'value': 5}, {'key': 'clockStopsOnDeadBall', 'label': 'Clock stops on dead balls', 'patch': {'clockStopsOnDeadBall': False}, 'field': 'clockStopsOnDeadBall', 'value': False}, {'key': 'contestedScoringEnabled', 'label': 'Contested Scoring', 'patch': {'contestedScoringEnabled': True}, 'field': 'contestedScoringEnabled', 'value': True}, {'key': 'conversionLadderEnabled', 'label': 'Conversion Ladder', 'patch': {'conversionLadderEnabled': True}, 'field': 'conversionLadderEnabled', 'value': True}] closes=2026-08-05 12:44:03.835279
2026-08-05 08:43:03 - floosball.anomaly - INFO - Anomaly weekly tick complete — season 1, week 15
2026-08-05 08:43:03 - floosball.seasonManager - INFO - Memory cleanup: cleared play-by-play data from 16 completed games
2026-08-05 08:43:05 - floosball.playerManager - INFO - Calculating performance ratings for week 15
2026-08-05 08:43:05 - floosball.playerManager - INFO - Performance ratings calculated for week 15
2026-08-05 08:43:05 - floosball.team_manager - INFO - Sorted defense tiers for all teams
2026-08-05 08:43:05 - floosball.seasonManager - INFO - Saved team season stats for season 1
2026-08-05 08:43:05 - floosball.playerManager - INFO - Saving player data to database
2026-08-05 08:43:05 - floosball.playerManager - INFO - Saved 192 players to database (192 active, 0 retired)
2026-08-05 08:43:05 - floosball.playerManager - INFO - Team assignment stats: 192 with teams, 0 free agents, 0 retired, 0 null teams, 0 errors
2026-08-05 08:43:05 - floosball.seasonManager - INFO - Showcase dividends paid to 0 users (S1 wk15)
2026-08-05 08:43:05 - floosball.supporter - INFO - Supporter accrual s1 w15: 0/0 fans credited
2026-08-05 08:43:05 - floosball.seasonManager - INFO - Pick-em resolved for S1W15: 0 users
2026-08-05 08:43:05 - floosball.seasonManager - INFO - Unlocked equipped cards for week 15
2026-08-05 08:43:05 - floosball.seasonManager - INFO - Simulating Week 16 in fast mode
2026-08-05 08:43:05 - floosball.seasonManager - INFO - Weekly modifier already set for S1W16: longshot
2026-08-05 08:43:05 - floosball.seasonManager - INFO - Weekly modifier already set for S1W15: frenzy
2026-08-05 08:43:05 - floosball.seasonManager - INFO - Weekly modifier already set for S1W16: longshot
2026-08-05 08:43:05 - floosball.seasonManager - INFO - Weekly modifier already set for S1W17: synergy
2026-08-05 08:43:05 - floosball.seasonManager - INFO - Weekly modifier already set for S1W18: ironclad
2026-08-05 08:43:05 - floosball.seasonManager - INFO - Weekly modifier already set for S1W19: steady
2026-08-05 08:43:05 - floosball.seasonManager - INFO - Weekly modifier already set for S1W20: amplify
2026-08-05 08:43:05 - floosball.seasonManager - INFO - Weekly modifier already set for S1W21: frenzy
2026-08-05 08:43:05 - floosball.anomaly - INFO - Anomaly weekly tick complete — season 1, week 16
2026-08-05 08:43:05 - floosball.seasonManager - INFO - Memory cleanup: cleared play-by-play data from 16 completed games
2026-08-05 08:43:07 - floosball.playerManager - INFO - Calculating performance ratings for week 16
2026-08-05 08:43:07 - floosball.playerManager - INFO - Performance ratings calculated for week 16
2026-08-05 08:43:07 - floosball.team_manager - INFO - Sorted defense tiers for all teams
2026-08-05 08:43:07 - floosball.seasonManager - INFO - Saved team season stats for season 1
2026-08-05 08:43:07 - floosball.playerManager - INFO - Saving player data to database
2026-08-05 08:43:07 - floosball.playerManager - INFO - Saved 192 players to database (192 active, 0 retired)
2026-08-05 08:43:07 - floosball.playerManager - INFO - Team assignment stats: 192 with teams, 0 free agents, 0 retired, 0 null teams, 0 errors
2026-08-05 08:43:07 - floosball.seasonManager - INFO - Showcase dividends paid to 0 users (S1 wk16)
2026-08-05 08:43:07 - floosball.supporter - INFO - Supporter accrual s1 w16: 0/0 fans credited
2026-08-05 08:43:07 - floosball.seasonManager - INFO - Pick-em resolved for S1W16: 0 users
2026-08-05 08:43:07 - floosball.seasonManager - INFO - Unlocked equipped cards for week 16
2026-08-05 08:43:07 - floosball.seasonManager - INFO - Simulating Week 17 in fast mode
2026-08-05 08:43:07 - floosball.seasonManager - INFO - Weekly modifier already set for S1W17: synergy
2026-08-05 08:43:07 - floosball.seasonManager - INFO - Weekly modifier already set for S1W15: frenzy
2026-08-05 08:43:07 - floosball.seasonManager - INFO - Weekly modifier already set for S1W16: longshot
2026-08-05 08:43:07 - floosball.seasonManager - INFO - Weekly modifier already set for S1W17: synergy
2026-08-05 08:43:07 - floosball.seasonManager - INFO - Weekly modifier already set for S1W18: ironclad
2026-08-05 08:43:07 - floosball.seasonManager - INFO - Weekly modifier already set for S1W19: steady
2026-08-05 08:43:07 - floosball.seasonManager - INFO - Weekly modifier already set for S1W20: amplify
2026-08-05 08:43:07 - floosball.seasonManager - INFO - Weekly modifier already set for S1W21: frenzy
2026-08-05 08:43:07 - floosball.anomaly - INFO - Anomaly weekly tick complete — season 1, week 17
2026-08-05 08:43:07 - floosball.seasonManager - INFO - Memory cleanup: cleared play-by-play data from 16 completed games
2026-08-05 08:43:08 - floosball.playerManager - INFO - Calculating performance ratings for week 17
2026-08-05 08:43:08 - floosball.playerManager - INFO - Performance ratings calculated for week 17
2026-08-05 08:43:08 - floosball.team_manager - INFO - Sorted defense tiers for all teams
2026-08-05 08:43:08 - floosball.seasonManager - INFO - Saved team season stats for season 1
2026-08-05 08:43:08 - floosball.playerManager - INFO - Saving player data to database
2026-08-05 08:43:08 - floosball.playerManager - INFO - Saved 192 players to database (192 active, 0 retired)
2026-08-05 08:43:08 - floosball.playerManager - INFO - Team assignment stats: 192 with teams, 0 free agents, 0 retired, 0 null teams, 0 errors
2026-08-05 08:43:09 - floosball.seasonManager - INFO - Showcase dividends paid to 0 users (S1 wk17)
2026-08-05 08:43:09 - floosball.supporter - INFO - Supporter accrual s1 w17: 0/0 fans credited
2026-08-05 08:43:09 - floosball.seasonManager - INFO - Pick-em resolved for S1W17: 0 users
2026-08-05 08:43:09 - floosball.seasonManager - INFO - Unlocked equipped cards for week 17
2026-08-05 08:43:09 - floosball.seasonManager - INFO - Simulating Week 18 in fast mode
2026-08-05 08:43:09 - floosball.seasonManager - INFO - Weekly modifier already set for S1W18: ironclad
2026-08-05 08:43:09 - floosball.seasonManager - INFO - Weekly modifier already set for S1W15: frenzy
2026-08-05 08:43:09 - floosball.seasonManager - INFO - Weekly modifier already set for S1W16: longshot
2026-08-05 08:43:09 - floosball.seasonManager - INFO - Weekly modifier already set for S1W17: synergy
2026-08-05 08:43:09 - floosball.seasonManager - INFO - Weekly modifier already set for S1W18: ironclad
2026-08-05 08:43:09 - floosball.seasonManager - INFO - Weekly modifier already set for S1W19: steady
2026-08-05 08:43:09 - floosball.seasonManager - INFO - Weekly modifier already set for S1W20: amplify
2026-08-05 08:43:09 - floosball.seasonManager - INFO - Weekly modifier already set for S1W21: frenzy
2026-08-05 08:43:09 - floosball.anomaly - INFO - Anomaly weekly tick complete — season 1, week 18
2026-08-05 08:43:09 - floosball.seasonManager - INFO - Memory cleanup: cleared play-by-play data from 16 completed games
2026-08-05 08:43:10 - floosball.playerManager - INFO - Calculating performance ratings for week 18
2026-08-05 08:43:10 - floosball.playerManager - INFO - Performance ratings calculated for week 18
2026-08-05 08:43:10 - floosball.team_manager - INFO - Sorted defense tiers for all teams
2026-08-05 08:43:10 - floosball.seasonManager - INFO - Saved team season stats for season 1
2026-08-05 08:43:10 - floosball.playerManager - INFO - Saving player data to database
2026-08-05 08:43:10 - floosball.playerManager - INFO - Saved 192 players to database (192 active, 0 retired)
2026-08-05 08:43:10 - floosball.playerManager - INFO - Team assignment stats: 192 with teams, 0 free agents, 0 retired, 0 null teams, 0 errors
2026-08-05 08:43:10 - floosball.seasonManager - INFO - Showcase dividends paid to 0 users (S1 wk18)
2026-08-05 08:43:10 - floosball.supporter - INFO - Supporter accrual s1 w18: 0/0 fans credited
2026-08-05 08:43:10 - floosball.seasonManager - INFO - Pick-em resolved for S1W18: 0 users
2026-08-05 08:43:10 - floosball.seasonManager - INFO - Unlocked equipped cards for week 18
2026-08-05 08:43:10 - floosball.seasonManager - INFO - Simulating Week 19 in fast mode
2026-08-05 08:43:10 - floosball.seasonManager - INFO - Weekly modifier already set for S1W19: steady
2026-08-05 08:43:10 - floosball.seasonManager - INFO - Weekly modifier already set for S1W15: frenzy
2026-08-05 08:43:10 - floosball.seasonManager - INFO - Weekly modifier already set for S1W16: longshot
2026-08-05 08:43:10 - floosball.seasonManager - INFO - Weekly modifier already set for S1W17: synergy
2026-08-05 08:43:10 - floosball.seasonManager - INFO - Weekly modifier already set for S1W18: ironclad
2026-08-05 08:43:10 - floosball.seasonManager - INFO - Weekly modifier already set for S1W19: steady
2026-08-05 08:43:10 - floosball.seasonManager - INFO - Weekly modifier already set for S1W20: amplify
2026-08-05 08:43:10 - floosball.seasonManager - INFO - Weekly modifier already set for S1W21: frenzy
2026-08-05 08:43:10 - floosball.anomaly - INFO - Anomaly weekly tick complete — season 1, week 19
2026-08-05 08:43:10 - floosball.seasonManager - INFO - Memory cleanup: cleared play-by-play data from 16 completed games
2026-08-05 08:43:12 - floosball.playerManager - INFO - Calculating performance ratings for week 19
2026-08-05 08:43:12 - floosball.playerManager - INFO - Performance ratings calculated for week 19
2026-08-05 08:43:12 - floosball.team_manager - INFO - Sorted defense tiers for all teams
2026-08-05 08:43:12 - floosball.seasonManager - INFO - Saved team season stats for season 1
2026-08-05 08:43:12 - floosball.playerManager - INFO - Saving player data to database
2026-08-05 08:43:12 - floosball.playerManager - INFO - Saved 192 players to database (192 active, 0 retired)
2026-08-05 08:43:12 - floosball.playerManager - INFO - Team assignment stats: 192 with teams, 0 free agents, 0 retired, 0 null teams, 0 errors
2026-08-05 08:43:12 - floosball.seasonManager - INFO - Showcase dividends paid to 0 users (S1 wk19)
2026-08-05 08:43:12 - floosball.supporter - INFO - Supporter accrual s1 w19: 0/0 fans credited
2026-08-05 08:43:12 - floosball.seasonManager - INFO - Pick-em resolved for S1W19: 0 users
2026-08-05 08:43:12 - floosball.seasonManager - INFO - Unlocked equipped cards for week 19
2026-08-05 08:43:12 - floosball.seasonManager - INFO - Simulating Week 20 in fast mode
2026-08-05 08:43:12 - floosball.seasonManager - INFO - Weekly modifier already set for S1W20: amplify
2026-08-05 08:43:12 - floosball.seasonManager - INFO - Weekly modifier already set for S1W15: frenzy
2026-08-05 08:43:12 - floosball.seasonManager - INFO - Weekly modifier already set for S1W16: longshot
2026-08-05 08:43:12 - floosball.seasonManager - INFO - Weekly modifier already set for S1W17: synergy
2026-08-05 08:43:12 - floosball.seasonManager - INFO - Weekly modifier already set for S1W18: ironclad
2026-08-05 08:43:12 - floosball.seasonManager - INFO - Weekly modifier already set for S1W19: steady
2026-08-05 08:43:12 - floosball.seasonManager - INFO - Weekly modifier already set for S1W20: amplify
2026-08-05 08:43:12 - floosball.seasonManager - INFO - Weekly modifier already set for S1W21: frenzy
2026-08-05 08:43:12 - floosball.anomaly - INFO - Anomaly weekly tick complete — season 1, week 20
2026-08-05 08:43:12 - floosball.seasonManager - INFO - Memory cleanup: cleared play-by-play data from 16 completed games
2026-08-05 08:43:13 - floosball.playerManager - INFO - Calculating performance ratings for week 20
2026-08-05 08:43:13 - floosball.playerManager - INFO - Performance ratings calculated for week 20
2026-08-05 08:43:13 - floosball.team_manager - INFO - Sorted defense tiers for all teams
2026-08-05 08:43:13 - floosball.seasonManager - INFO - Saved team season stats for season 1
2026-08-05 08:43:13 - floosball.playerManager - INFO - Saving player data to database
2026-08-05 08:43:14 - floosball.playerManager - INFO - Saved 192 players to database (192 active, 0 retired)
2026-08-05 08:43:14 - floosball.playerManager - INFO - Team assignment stats: 192 with teams, 0 free agents, 0 retired, 0 null teams, 0 errors
2026-08-05 08:43:14 - floosball.seasonManager - INFO - Showcase dividends paid to 0 users (S1 wk20)
2026-08-05 08:43:14 - floosball.supporter - INFO - Supporter accrual s1 w20: 0/0 fans credited
2026-08-05 08:43:14 - floosball.seasonManager - INFO - Pick-em resolved for S1W20: 0 users
2026-08-05 08:43:14 - floosball.seasonManager - INFO - Unlocked equipped cards for week 20
2026-08-05 08:43:14 - floosball.seasonManager - INFO - Simulating Week 21 in fast mode
2026-08-05 08:43:14 - floosball.seasonManager - INFO - Weekly modifier already set for S1W21: frenzy
2026-08-05 08:43:14 - floosball.seasonManager - INFO - Weekly modifier already set for S1W15: frenzy
2026-08-05 08:43:14 - floosball.seasonManager - INFO - Weekly modifier already set for S1W16: longshot
2026-08-05 08:43:14 - floosball.seasonManager - INFO - Weekly modifier already set for S1W17: synergy
2026-08-05 08:43:14 - floosball.seasonManager - INFO - Weekly modifier already set for S1W18: ironclad
2026-08-05 08:43:14 - floosball.seasonManager - INFO - Weekly modifier already set for S1W19: steady
2026-08-05 08:43:14 - floosball.seasonManager - INFO - Weekly modifier already set for S1W20: amplify
2026-08-05 08:43:14 - floosball.seasonManager - INFO - Weekly modifier already set for S1W21: frenzy
2026-08-05 08:43:14 - floosball.anomaly - INFO - Anomaly weekly tick complete — season 1, week 21
2026-08-05 08:43:14 - floosball.seasonManager - INFO - Memory cleanup: cleared play-by-play data from 16 completed games
2026-08-05 08:43:15 - floosball.playerManager - INFO - Calculating performance ratings for week 21
2026-08-05 08:43:15 - floosball.playerManager - INFO - Performance ratings calculated for week 21
2026-08-05 08:43:15 - floosball.team_manager - INFO - Sorted defense tiers for all teams
2026-08-05 08:43:15 - floosball.seasonManager - INFO - Saved team season stats for season 1
2026-08-05 08:43:15 - floosball.playerManager - INFO - Saving player data to database
2026-08-05 08:43:15 - floosball.playerManager - INFO - Saved 192 players to database (192 active, 0 retired)
2026-08-05 08:43:15 - floosball.playerManager - INFO - Team assignment stats: 192 with teams, 0 free agents, 0 retired, 0 null teams, 0 errors
2026-08-05 08:44:01 - floosball.websocket - INFO - WebSocket ConnectionManager initialized
2026-08-05 08:44:19 - floosball.websocket - INFO - WebSocket ConnectionManager initialized
2026-08-05 08:44:21 - floosball.websocket - INFO - WebSocket ConnectionManager initialized
2026-08-05 08:44:21 - floosball.api_server - INFO - ============================================================
2026-08-05 08:44:21 - floosball.api_server - INFO - Floosball API Server
2026-08-05 08:44:21 - floosball.api_server - INFO - ============================================================
2026-08-05 08:44:21 - floosball.api_server - INFO - Timing Mode: FAST
2026-08-05 08:44:21 - floosball.api_server - INFO - Fresh Start: True
2026-08-05 08:44:21 - floosball.api_server - INFO - Card Reset: False
2026-08-05 08:44:21 - floosball.api_server - INFO - Card Reset (current season only): False
2026-08-05 08:44:21 - floosball.api_server - INFO - ============================================================
2026-08-05 08:44:21 - floosball.api_server - INFO - Initializing Floosball Application...
2026-08-05 08:44:21 - floosball.api_server - INFO - Fresh start requested - clearing database
2026-08-05 08:44:21 - floosball.database - INFO - Database cleared (preserved app_settings, users, unused_names, beta_allowlist) at /Users/andrew/.claude/jobs/c29305c5/tmp/punt5/floosball.db
2026-08-05 08:44:21 - floosball.database - INFO -   Migration: added player_attributes.demeanor
2026-08-05 08:44:21 - floosball.database - INFO -   Migration: ensured showcase_slots table
2026-08-05 08:44:21 - floosball.database - INFO -   Migration: ensured uq_teams_coach_id (one coach per team)
2026-08-05 08:44:21 - floosball.database - INFO -   Migration: created play_reactions table
2026-08-05 08:44:21 - floosball.database - INFO -   Migration: created uq_equipped_card_slot_pos index
2026-08-05 08:44:21 - floosball.database - INFO -   Migration: added users.auto_pick_favorites
2026-08-05 08:44:21 - floosball.database - INFO -   Migration: added player_attributes.archetype
2026-08-05 08:44:21 - floosball.database - INFO -   Migration: player_sentiment_ratings ensured
2026-08-05 08:44:21 - floosball.database - INFO -   Migration: coach_sentiment_votes ensured
2026-08-05 08:44:21 - floosball.database - INFO -   Migration: team_feed_posts ensured
2026-08-05 08:44:21 - floosball.database - INFO -   Migration: app_settings table ensured with default rows
2026-08-05 08:44:21 - floosball.database - INFO -   Migration: ensured spectator_progress table
2026-08-05 08:44:21 - floosball.database - INFO -   Migration: ensured supporter_dividends table
2026-08-05 08:44:21 - floosball.database - INFO -   Migration: ensured award_votes + hof_ballot_entries tables
2026-08-05 08:44:21 - floosball.database - INFO -   Migration: ensured team_facilities table
2026-08-05 08:44:21 - floosball.database - INFO -   Migration: ensured pending_names table
2026-08-05 08:44:21 - floosball.database - INFO -   Migration: ensured facility_projects + team_treasury + upkeep_funded + facility_votes
2026-08-05 08:44:21 - floosball.database - INFO -   Migration: replaced 'random' powerup slugs in pending_rewards
2026-08-05 08:44:21 - floosball.database - INFO -   Backfill diagnostic: game_player_stats has 0 rows
2026-08-05 08:44:21 - floosball.database - INFO -   Backfill: no empty rows found. Total PSS rows: 0
2026-08-05 08:44:21 - floosball.database - INFO -   Backfill: recomputed career stats from season rows for 0 players
2026-08-05 08:44:21 - floosball.database - INFO -   Backfill: spread fan_trust across 0 coaches
2026-08-05 08:44:21 - floosball.config - INFO - Cached configuration from config.json
2026-08-05 08:44:21 - floosball.database - INFO -   Seeded 112 achievement templates
2026-08-05 08:44:22 - floosball.database - INFO - Seeded 789 new names from config into unused_names pool
2026-08-05 08:44:22 - floosball.application - INFO - Initializing FloosballApplication
2026-08-05 08:44:22 - floosball.playerManager - INFO - PlayerManager using DATABASE storage
2026-08-05 08:44:22 - floosball.playerManager - INFO - PlayerManager initialized
2026-08-05 08:44:22 - floosball.team_manager - INFO - TeamManager using DATABASE storage
2026-08-05 08:44:22 - floosball.leagueManager - INFO - LeagueManager using DATABASE storage
2026-08-05 08:44:22 - floosball.leagueManager - INFO - LeagueManager initialized
2026-08-05 08:44:22 - floosball.record_manager - INFO - RecordManager using DATABASE storage
2026-08-05 08:44:22 - floosball.personalityReactionEngine - INFO - Loaded 28 personalities, 17 quirks, 247 hometowns, 10 favorite categories
2026-08-05 08:44:22 - floosball.personalityManager - INFO - PersonalityManager initialized
2026-08-05 08:44:22 - floosball.application - INFO - All managers using shared database session to prevent locking
2026-08-05 08:44:22 - floosball.seasonManager - INFO - SeasonManager using DATABASE storage
2026-08-05 08:44:22 - floosball.timingManager - INFO - TimingManager initialized in fast mode
2026-08-05 08:44:22 - floosball.seasonManager - INFO - SeasonManager initialized
2026-08-05 08:44:22 - floosball.application - INFO - Registered all managers with service container
2026-08-05 08:44:22 - floosball.application - INFO - FloosballApplication initialized successfully
2026-08-05 08:44:22 - floosball.application - INFO - Initializing league system
2026-08-05 08:44:22 - floosball.timingManager - INFO - Timing mode changed to fast
2026-08-05 08:44:22 - floosball.seasonManager - INFO - Season timing mode set to fast
2026-08-05 08:44:22 - floosball.application - INFO - Application timing mode set to fast
2026-08-05 08:44:22 - floosball.record_manager - INFO - No records found in database, using empty structure
2026-08-05 08:44:22 - floosball.application - INFO - Setting up players...
2026-08-05 08:44:22 - floosball.playerManager - INFO - Generating initial player pool
2026-08-05 08:44:22 - floosball.playerManager - INFO - No existing players found, generating new player pool
2026-08-05 08:44:22 - floosball.playerManager - INFO - Initial pool: 192 players for 32 clubs (6 slots each)
2026-08-05 08:44:22 - floosball.playerManager - INFO - Loaded 789 unused names from database
2026-08-05 08:44:22 - floosball.playerManager - INFO - Generated 192 total players
2026-08-05 08:44:22 - floosball.application - INFO - Setting up teams...
2026-08-05 08:44:22 - floosball.team_manager - INFO - Loaded 0 teams from data
2026-08-05 08:44:22 - floosball.team_manager - INFO - Created 32 new teams from config
2026-08-05 08:44:23 - floosball.team_manager - INFO - Generated 32 teams
2026-08-05 08:44:23 - floosball.team_manager - INFO - Saved 32 teams to database
2026-08-05 08:44:23 - floosball.team_manager - INFO - Seeded facilities (tier-grandfathered) for 32 team(s)
2026-08-05 08:44:23 - floosball.application - INFO - Setting up leagues...
2026-08-05 08:44:23 - floosball.leagueManager - INFO - Creating league structure from config
2026-08-05 08:44:23 - floosball.leagueManager - INFO - Saved 2 leagues to database
2026-08-05 08:44:23 - floosball.leagueManager - INFO - Created 2 leagues with 32 teams
2026-08-05 08:44:23 - floosball.application - INFO - Assigning players to teams...
2026-08-05 08:44:23 - floosball.playerManager - INFO - Fixed contract for Wolfgang Sykes: term=2, termRemaining=2
2026-08-05 08:44:23 - floosball.playerManager - INFO - Fixed contract for Wesley Potpourri: term=2, termRemaining=2
2026-08-05 08:44:23 - floosball.playerManager - INFO - Fixed contract for Groy Logg: term=2, termRemaining=2
2026-08-05 08:44:23 - floosball.playerManager - INFO - Fixed contract for Mandy Hernder: term=2, termRemaining=2
2026-08-05 08:44:23 - floosball.playerManager - INFO - Fixed contract for Grover Mailfraud: term=3, termRemaining=3
2026-08-05 08:44:23 - floosball.playerManager - INFO - Fixed contract for Caldwell Flavahan: term=2, termRemaining=2
2026-08-05 08:44:23 - floosball.playerManager - INFO - Fixed contract for Fletch Mumbleton: term=2, termRemaining=2
2026-08-05 08:44:23 - floosball.playerManager - INFO - Fixed contract for Sigi Allison: term=2, termRemaining=2
2026-08-05 08:44:23 - floosball.playerManager - INFO - Fixed contract for Steven Phones: term=2, termRemaining=2
2026-08-05 08:44:23 - floosball.playerManager - INFO - Fixed contract for Velka, Seeker of Sins: term=2, termRemaining=2
2026-08-05 08:44:23 - floosball.playerManager - INFO - Fixed contract for Toon Van Laethem: term=2, termRemaining=2
2026-08-05 08:44:23 - floosball.playerManager - INFO - Fixed contract for Keene Rockaway: term=2, termRemaining=2
2026-08-05 08:44:23 - floosball.playerManager - INFO - Fixed contract for Basil Rowley: term=2, termRemaining=2
2026-08-05 08:44:23 - floosball.playerManager - INFO - Fixed contract for Elle Bogues: term=2, termRemaining=2
2026-08-05 08:44:23 - floosball.playerManager - INFO - Fixed contract for Tomny Mesquite: term=2, termRemaining=2
2026-08-05 08:44:23 - floosball.playerManager - INFO - Fixed contract for Jazmin Springreverb: term=2, termRemaining=2
2026-08-05 08:44:23 - floosball.playerManager - INFO - Fixed contract for Dippy Tish: term=2, termRemaining=2
2026-08-05 08:44:23 - floosball.playerManager - INFO - Fixed contract for Velvet Blowtorch: term=2, termRemaining=2
2026-08-05 08:44:23 - floosball.playerManager - INFO - Fixed contract for Tory Mezzoforte: term=1, termRemaining=1
2026-08-05 08:44:23 - floosball.playerManager - INFO - Fixed contract for Panflute Goblin: term=2, termRemaining=2
2026-08-05 08:44:23 - floosball.playerManager - INFO - Fixed contract for Cyril Trigun: term=1, termRemaining=1
2026-08-05 08:44:23 - floosball.playerManager - INFO - Fixed contract for Heavenly Sparrow: term=2, termRemaining=2
2026-08-05 08:44:23 - floosball.playerManager - INFO - Fixed contract for Lizzie Havoc: term=2, termRemaining=2
2026-08-05 08:44:23 - floosball.playerManager - INFO - Fixed contract for Wilma Nomercy: term=2, termRemaining=2
2026-08-05 08:44:23 - floosball.playerManager - INFO - Fixed contract for Storyboard Peterson: term=2, termRemaining=2
2026-08-05 08:44:23 - floosball.playerManager - INFO - Fixed contract for Robbie Tumbles: term=1, termRemaining=1
2026-08-05 08:44:23 - floosball.playerManager - INFO - Fixed contract for TeeTee Moonshine: term=2, termRemaining=2
2026-08-05 08:44:23 - floosball.playerManager - INFO - Fixed contract for Wizard Kickflip: term=3, termRemaining=3
2026-08-05 08:44:23 - floosball.playerManager - INFO - Fixed contract for Thony Jacques: term=2, termRemaining=2
2026-08-05 08:44:23 - floosball.playerManager - INFO - Fixed contract for Poodle Grotesque: term=3, termRemaining=3
2026-08-05 08:44:23 - floosball.playerManager - INFO - Fixed contract for Ora Newjersey: term=2, termRemaining=2
2026-08-05 08:44:23 - floosball.playerManager - INFO - Fixed contract for Socks McElroy: term=2, termRemaining=2
2026-08-05 08:44:23 - floosball.playerManager - INFO - Fixed contract for Garry Snorkle: term=1, termRemaining=1
2026-08-05 08:44:23 - floosball.playerManager - INFO - Fixed contract for Dennis Nervis: term=2, termRemaining=2
2026-08-05 08:44:23 - floosball.playerManager - INFO - Fixed contract for Peabody O'Brien: term=2, termRemaining=2
2026-08-05 08:44:23 - floosball.playerManager - INFO - Fixed contract for Comicbook Connery: term=1, termRemaining=1
2026-08-05 08:44:23 - floosball.playerManager - INFO - Fixed contract for Frankie Cork: term=2, termRemaining=2
2026-08-05 08:44:23 - floosball.playerManager - INFO - Fixed contract for Judge Jackal: term=2, termRemaining=2
2026-08-05 08:44:23 - floosball.playerManager - INFO - Fixed contract for Hancock Insufferable: term=2, termRemaining=2
2026-08-05 08:44:23 - floosball.playerManager - INFO - Fixed contract for Tobi Retro: term=2, termRemaining=2
2026-08-05 08:44:23 - floosball.playerManager - INFO - Fixed contract for Tenner McKinnon: term=2, termRemaining=2
2026-08-05 08:44:23 - floosball.playerManager - INFO - Fixed contract for Screendoor Windup: term=3, termRemaining=3
2026-08-05 08:44:23 - floosball.playerManager - INFO - Fixed contract for Gisel Thunderforge: term=2, termRemaining=2
2026-08-05 08:44:23 - floosball.playerManager - INFO - Fixed contract for Kirt Vurr: term=2, termRemaining=2
2026-08-05 08:44:23 - floosball.playerManager - INFO - Fixed contract for Nubby Banger: term=3, termRemaining=3
2026-08-05 08:44:23 - floosball.playerManager - INFO - Fixed contract for Vinth Lomare: term=2, termRemaining=2
2026-08-05 08:44:23 - floosball.playerManager - INFO - Fixed contract for Tatiana Mathlete: term=2, termRemaining=2
2026-08-05 08:44:23 - floosball.playerManager - INFO - Fixed contract for Lime Warfield: term=3, termRemaining=3
2026-08-05 08:44:23 - floosball.playerManager - INFO - Fixed contract for Peep Propane: term=3, termRemaining=3
2026-08-05 08:44:23 - floosball.playerManager - INFO - Fixed contract for Turnstile Sharry: term=2, termRemaining=2
2026-08-05 08:44:23 - floosball.playerManager - INFO - Fixed contract for Sporty Daniels: term=1, termRemaining=1
2026-08-05 08:44:23 - floosball.playerManager - INFO - Fixed contract for Sol Pineneedle: term=2, termRemaining=2
2026-08-05 08:44:23 - floosball.playerManager - INFO - Fixed contract for Tesil Vazor: term=2, termRemaining=2
2026-08-05 08:44:23 - floosball.playerManager - INFO - Fixed contract for Cookie Contessa: term=2, termRemaining=2
2026-08-05 08:44:23 - floosball.playerManager - INFO - Fixed contract for Aelfun, Priest of the Fire: term=1, termRemaining=1
2026-08-05 08:44:23 - floosball.playerManager - INFO - Fixed contract for Poker Jacuuz: term=2, termRemaining=2
2026-08-05 08:44:23 - floosball.playerManager - INFO - Fixed contract for Bencisco Dotkins: term=2, termRemaining=2
2026-08-05 08:44:23 - floosball.playerManager - INFO - Fixed contract for Inne Blomme: term=2, termRemaining=2
2026-08-05 08:44:23 - floosball.playerManager - INFO - Fixed contract for Butterscotch Vanderbilt: term=2, termRemaining=2
2026-08-05 08:44:23 - floosball.playerManager - INFO - Fixed contract for Lowis Spangpoke: term=2, termRemaining=2
2026-08-05 08:44:23 - floosball.playerManager - INFO - Fixed contract for Lanny Jans: term=2, termRemaining=2
2026-08-05 08:44:23 - floosball.playerManager - INFO - Fixed contract for Flakey Bugle: term=2, termRemaining=2
2026-08-05 08:44:23 - floosball.playerManager - INFO - Fixed contract for Janitor Meatbrick: term=1, termRemaining=1
2026-08-05 08:44:23 - floosball.playerManager - INFO - Fixed contract for Garfield Burlingame: term=2, termRemaining=2
2026-08-05 08:44:23 - floosball.playerManager - INFO - Fixed contract for Reverend Memes: term=2, termRemaining=2
2026-08-05 08:44:23 - floosball.playerManager - INFO - Fixed contract for Leakey Pennyfarthing: term=2, termRemaining=2
2026-08-05 08:44:23 - floosball.playerManager - INFO - Fixed contract for Snooker Pound: term=2, termRemaining=2
2026-08-05 08:44:23 - floosball.playerManager - INFO - Fixed contract for Marcel Gardenhose: term=3, termRemaining=3
2026-08-05 08:44:23 - floosball.playerManager - INFO - Fixed contract for Spalding Colby: term=2, termRemaining=2
2026-08-05 08:44:23 - floosball.playerManager - INFO - Fixed contract for Sarasota Speedrun: term=2, termRemaining=2
2026-08-05 08:44:23 - floosball.playerManager - INFO - Fixed contract for Rudolph Owlbear: term=2, termRemaining=2
2026-08-05 08:44:23 - floosball.playerManager - INFO - Fixed contract for Yric, Warrior of Fangs: term=2, termRemaining=2
2026-08-05 08:44:23 - floosball.playerManager - INFO - Fixed contract for Doggles Kephart: term=2, termRemaining=2
2026-08-05 08:44:23 - floosball.playerManager - INFO - Fixed contract for Sprig Putanto: term=2, termRemaining=2
2026-08-05 08:44:23 - floosball.playerManager - INFO - Fixed contract for Trinity Pantsdown: term=3, termRemaining=3
2026-08-05 08:44:23 - floosball.playerManager - INFO - Fixed contract for Freed Marinara: term=3, termRemaining=3
2026-08-05 08:44:23 - floosball.playerManager - INFO - Fixed contract for Riverdale Dreamcast: term=3, termRemaining=3
2026-08-05 08:44:23 - floosball.playerManager - INFO - Fixed contract for Fenwick Keetes: term=2, termRemaining=2
2026-08-05 08:44:23 - floosball.playerManager - INFO - Fixed contract for Mulch Goblin: term=1, termRemaining=1
2026-08-05 08:44:23 - floosball.playerManager - INFO - Fixed contract for Bromley LaCroix: term=2, termRemaining=2
2026-08-05 08:44:23 - floosball.playerManager - INFO - Fixed contract for Nason Hudge: term=2, termRemaining=2
2026-08-05 08:44:23 - floosball.playerManager - INFO - Fixed contract for Hoagie Pendleton: term=2, termRemaining=2
2026-08-05 08:44:23 - floosball.playerManager - INFO - Fixed contract for Umami Blackmage: term=2, termRemaining=2
2026-08-05 08:44:23 - floosball.playerManager - INFO - Fixed contract for Tuchus Freckle: term=1, termRemaining=1
2026-08-05 08:44:23 - floosball.playerManager - INFO - Fixed contract for Tunguska O'Meill: term=2, termRemaining=2
2026-08-05 08:44:23 - floosball.playerManager - INFO - Fixed contract for Jerry: term=2, termRemaining=2
2026-08-05 08:44:23 - floosball.playerManager - INFO - Fixed contract for Mikey Lookalike: term=2, termRemaining=2
2026-08-05 08:44:23 - floosball.playerManager - INFO - Fixed contract for Jonathan Hornette: term=2, termRemaining=2
2026-08-05 08:44:23 - floosball.playerManager - INFO - Fixed contract for Slippy Catlion: term=3, termRemaining=3
2026-08-05 08:44:23 - floosball.playerManager - INFO - Fixed contract for Esmerelda Winedrunk: term=2, termRemaining=2
2026-08-05 08:44:23 - floosball.playerManager - INFO - Fixed contract for Squall Baptiste: term=2, termRemaining=2
2026-08-05 08:44:23 - floosball.playerManager - INFO - Fixed contract for Ocean Emerson: term=2, termRemaining=2
2026-08-05 08:44:23 - floosball.playerManager - INFO - Fixed contract for Romp Chumby: term=2, termRemaining=2
2026-08-05 08:44:23 - floosball.playerManager - INFO - Fixed contract for Thalia Bouncepad: term=2, termRemaining=2
2026-08-05 08:44:23 - floosball.playerManager - INFO - Fixed contract for Burl Ataloni: term=2, termRemaining=2
2026-08-05 08:44:23 - floosball.playerManager - INFO - Fixed contract for Emerald Breakaway: term=3, termRemaining=3
2026-08-05 08:44:23 - floosball.playerManager - INFO - Fixed contract for Baba Do-Crimes: term=2, termRemaining=2
2026-08-05 08:44:23 - floosball.playerManager - INFO - Fixed contract for Antlers Glamrock: term=2, termRemaining=2
2026-08-05 08:44:23 - floosball.playerManager - INFO - Fixed contract for Charlotte Ramsbottom: term=1, termRemaining=1
2026-08-05 08:44:23 - floosball.playerManager - INFO - Fixed contract for Gloves Crocodile: term=3, termRemaining=3
2026-08-05 08:44:23 - floosball.playerManager - INFO - Fixed contract for Silencio Portland: term=2, termRemaining=2
2026-08-05 08:44:23 - floosball.playerManager - INFO - Fixed contract for Spheroid Kittridge: term=2, termRemaining=2
2026-08-05 08:44:23 - floosball.playerManager - INFO - Fixed contract for Bleeb Refurb: term=2, termRemaining=2
2026-08-05 08:44:23 - floosball.playerManager - INFO - Fixed contract for Bellamy Cheese: term=2, termRemaining=2
2026-08-05 08:44:23 - floosball.playerManager - INFO - Fixed contract for Carrie Chinos: term=2, termRemaining=2
2026-08-05 08:44:23 - floosball.playerManager - INFO - Fixed contract for Silix Theremin: term=1, termRemaining=1
2026-08-05 08:44:23 - floosball.playerManager - INFO - Fixed contract for Dude Thousand: term=2, termRemaining=2
2026-08-05 08:44:23 - floosball.playerManager - INFO - Fixed contract for Leon Sly: term=2, termRemaining=2
2026-08-05 08:44:23 - floosball.playerManager - INFO - Fixed contract for Navin Hardcastle: term=2, termRemaining=2
2026-08-05 08:44:23 - floosball.playerManager - INFO - Fixed contract for Kangaroo Drive-In: term=2, termRemaining=2
2026-08-05 08:44:23 - floosball.playerManager - INFO - Fixed contract for Francis Tango: term=2, termRemaining=2
2026-08-05 08:44:23 - floosball.playerManager - INFO - Fixed contract for Gratthew Seasoned: term=2, termRemaining=2
2026-08-05 08:44:23 - floosball.playerManager - INFO - Fixed contract for Yorky Gleason: term=2, termRemaining=2
2026-08-05 08:44:23 - floosball.playerManager - INFO - Fixed contract for Bordan Morris: term=2, termRemaining=2
2026-08-05 08:44:23 - floosball.playerManager - INFO - Fixed contract for Lambert Puddlefoot: term=1, termRemaining=1
2026-08-05 08:44:23 - floosball.playerManager - INFO - Fixed contract for Haircut LaRoy: term=1, termRemaining=1
2026-08-05 08:44:23 - floosball.playerManager - INFO - Fixed contract for Lofi Milkshake: term=2, termRemaining=2
2026-08-05 08:44:23 - floosball.playerManager - INFO - Fixed contract for Hatchetman Wexton: term=2, termRemaining=2
2026-08-05 08:44:23 - floosball.playerManager - INFO - Fixed contract for Antone Boyce: term=1, termRemaining=1
2026-08-05 08:44:23 - floosball.playerManager - INFO - Fixed contract for Troubador Mernandez: term=2, termRemaining=2
2026-08-05 08:44:23 - floosball.playerManager - INFO - Fixed contract for Mints Bupree: term=2, termRemaining=2
2026-08-05 08:44:23 - floosball.playerManager - INFO - Fixed contract for Benanaiah Haskamp: term=2, termRemaining=2
2026-08-05 08:44:23 - floosball.playerManager - INFO - Fixed contract for Maisie Cliche: term=2, termRemaining=2
2026-08-05 08:44:23 - floosball.playerManager - INFO - Fixed contract for Tock Klaxxon: term=2, termRemaining=2
2026-08-05 08:44:23 - floosball.playerManager - INFO - Fixed contract for Winnipeg Kennedy: term=2, termRemaining=2
2026-08-05 08:44:23 - floosball.playerManager - INFO - Fixed contract for Mortimer Redmond: term=2, termRemaining=2
2026-08-05 08:44:23 - floosball.playerManager - INFO - Fixed contract for Drunk Executioner: term=1, termRemaining=1
2026-08-05 08:44:23 - floosball.playerManager - INFO - Fixed contract for Lefty Landscaper: term=2, termRemaining=2
2026-08-05 08:44:23 - floosball.playerManager - INFO - Fixed contract for Pweston: term=2, termRemaining=2
2026-08-05 08:44:23 - floosball.playerManager - INFO - Fixed contract for King Halfpipe: term=2, termRemaining=2
2026-08-05 08:44:23 - floosball.playerManager - INFO - Fixed contract for Cries Cabrera: term=3, termRemaining=3
2026-08-05 08:44:23 - floosball.playerManager - INFO - Fixed contract for Anna-Mae Y. Fue: term=2, termRemaining=2
2026-08-05 08:44:23 - floosball.playerManager - INFO - Fixed contract for Norman Slithers: term=3, termRemaining=3
2026-08-05 08:44:23 - floosball.playerManager - INFO - Fixed contract for Tally Boatmurderer: term=2, termRemaining=2
2026-08-05 08:44:23 - floosball.playerManager - INFO - Fixed contract for Shaggy Porcelain: term=2, termRemaining=2
2026-08-05 08:44:23 - floosball.playerManager - INFO - Fixed contract for Grazie Ojos: term=2, termRemaining=2
2026-08-05 08:44:23 - floosball.playerManager - INFO - Fixed contract for Izzy Two-Step: term=2, termRemaining=2
2026-08-05 08:44:23 - floosball.playerManager - INFO - Fixed contract for Zealous Tiger: term=2, termRemaining=2
2026-08-05 08:44:23 - floosball.playerManager - INFO - Fixed contract for Dingers Culpepper: term=3, termRemaining=3
2026-08-05 08:44:23 - floosball.playerManager - INFO - Fixed contract for Wrenn Breakcore: term=3, termRemaining=3
2026-08-05 08:44:23 - floosball.playerManager - INFO - Fixed contract for Dewey Cloudpuncher: term=1, termRemaining=1
2026-08-05 08:44:23 - floosball.playerManager - INFO - Fixed contract for Basil Paracelsus: term=3, termRemaining=3
2026-08-05 08:44:23 - floosball.playerManager - INFO - Fixed contract for Flash Bobby: term=2, termRemaining=2
2026-08-05 08:44:23 - floosball.playerManager - INFO - Fixed contract for Ralphonso Lightgun: term=2, termRemaining=2
2026-08-05 08:44:23 - floosball.playerManager - INFO - Fixed contract for Alister Broomhandle: term=3, termRemaining=3
2026-08-05 08:44:23 - floosball.playerManager - INFO - Fixed contract for Vape Robitaille: term=2, termRemaining=2
2026-08-05 08:44:23 - floosball.playerManager - INFO - Fixed contract for Quinn Bumpitt: term=2, termRemaining=2
2026-08-05 08:44:23 - floosball.playerManager - INFO - Fixed contract for Cal Blandin: term=3, termRemaining=3
2026-08-05 08:44:23 - floosball.playerManager - INFO - Fixed contract for Cutaway Howitzer: term=2, termRemaining=2
2026-08-05 08:44:23 - floosball.playerManager - INFO - Fixed contract for Tomorrow McIntyre: term=1, termRemaining=1
2026-08-05 08:44:23 - floosball.playerManager - INFO - Fixed contract for Matador Muscles: term=2, termRemaining=2
2026-08-05 08:44:23 - floosball.playerManager - INFO - Fixed contract for Ladybug Looksee: term=1, termRemaining=1
2026-08-05 08:44:23 - floosball.playerManager - INFO - Fixed contract for Trim Aldebaran: term=2, termRemaining=2
2026-08-05 08:44:23 - floosball.playerManager - INFO - Fixed contract for Wobert Benjals: term=3, termRemaining=3
2026-08-05 08:44:23 - floosball.playerManager - INFO - Fixed contract for Guv Branson: term=1, termRemaining=1
2026-08-05 08:44:23 - floosball.playerManager - INFO - Fixed contract for Butte Chisholm: term=2, termRemaining=2
2026-08-05 08:44:23 - floosball.playerManager - INFO - Fixed contract for Azazel Wonderbeak: term=2, termRemaining=2
2026-08-05 08:44:23 - floosball.playerManager - INFO - Fixed contract for Tanuki Batman: term=1, termRemaining=1
2026-08-05 08:44:23 - floosball.playerManager - INFO - Fixed contract for Justice Beaver: term=2, termRemaining=2
2026-08-05 08:44:23 - floosball.playerManager - INFO - Fixed contract for Walter Cordon Bleu: term=2, termRemaining=2
2026-08-05 08:44:23 - floosball.playerManager - INFO - Fixed contract for Marjorie Eggtaker: term=2, termRemaining=2
2026-08-05 08:44:23 - floosball.playerManager - INFO - Fixed contract for Tiago Sheskey: term=1, termRemaining=1
2026-08-05 08:44:23 - floosball.playerManager - INFO - Fixed contract for Matilda Tigerseye: term=2, termRemaining=2
2026-08-05 08:44:23 - floosball.playerManager - INFO - Fixed contract for Folksy Tallboy: term=2, termRemaining=2
2026-08-05 08:44:23 - floosball.playerManager - INFO - Fixed contract for Julie Modsquad: term=2, termRemaining=2
2026-08-05 08:44:23 - floosball.playerManager - INFO - Fixed contract for Brantoniel DeSilvo: term=1, termRemaining=1
2026-08-05 08:44:23 - floosball.playerManager - INFO - Fixed contract for Mr. Vanilla: term=1, termRemaining=1
2026-08-05 08:44:23 - floosball.playerManager - INFO - Fixed contract for Vinton Cattywampus: term=2, termRemaining=2
2026-08-05 08:44:23 - floosball.playerManager - INFO - Fixed contract for Junior Gravy: term=3, termRemaining=3
2026-08-05 08:44:23 - floosball.playerManager - INFO - Fixed contract for Max Cocoa: term=1, termRemaining=1
2026-08-05 08:44:23 - floosball.playerManager - INFO - Fixed contract for Chud Bumpington: term=2, termRemaining=2
2026-08-05 08:44:23 - floosball.playerManager - INFO - Fixed contract for Whiskey Scepter: term=1, termRemaining=1
2026-08-05 08:44:23 - floosball.playerManager - INFO - Fixed contract for Mary-Sue Powerwalk: term=2, termRemaining=2
2026-08-05 08:44:23 - floosball.playerManager - INFO - Fixed contract for Merry Brocolli: term=3, termRemaining=3
2026-08-05 08:44:23 - floosball.playerManager - INFO - Fixed contract for Yaps Rivka: term=2, termRemaining=2
2026-08-05 08:44:23 - floosball.playerManager - INFO - Fixed contract for Trisha Starlight: term=2, termRemaining=2
2026-08-05 08:44:23 - floosball.playerManager - INFO - Fixed contract for Carmela Daywoman: term=3, termRemaining=3
2026-08-05 08:44:23 - floosball.playerManager - INFO - Fixed contract for Quasi Nightshift: term=2, termRemaining=2
2026-08-05 08:44:23 - floosball.playerManager - INFO - Fixed contract for Frungy Lafayette: term=2, termRemaining=2
2026-08-05 08:44:23 - floosball.playerManager - INFO - Fixed contract for Linda Delightful: term=2, termRemaining=2
2026-08-05 08:44:23 - floosball.playerManager - INFO - Fixed contract for Holland Hokeman: term=2, termRemaining=2
2026-08-05 08:44:23 - floosball.playerManager - INFO - Fixed contract for Hopscotch Mechsuit: term=2, termRemaining=2
2026-08-05 08:44:23 - floosball.playerManager - INFO - Fixed contract for Wendel Boodle: term=2, termRemaining=2
2026-08-05 08:44:23 - floosball.playerManager - INFO - Fixed contract for Poppy Questing: term=2, termRemaining=2
2026-08-05 08:44:23 - floosball.playerManager - INFO - Fixed contract for Dew Stone: term=2, termRemaining=2
2026-08-05 08:44:23 - floosball.playerManager - INFO - Fixed contract for Chazmereld Feldsbar: term=3, termRemaining=3
2026-08-05 08:44:23 - floosball.playerManager - INFO - Fixed contract for Orville Duckey: term=2, termRemaining=2
2026-08-05 08:44:23 - floosball.playerManager - INFO - Fixed contract for Gordon Frogwild: term=2, termRemaining=2
2026-08-05 08:44:23 - floosball.playerManager - INFO - Fixed contract for Maximum Golfball: term=2, termRemaining=2
2026-08-05 08:44:23 - floosball.playerManager - INFO - Fixed contract for Stove Perkinshire: term=2, termRemaining=2
2026-08-05 08:44:23 - floosball.playerManager - INFO - Fixed contract for Updog Gillette: term=2, termRemaining=2
2026-08-05 08:44:23 - floosball.playerManager - INFO - Fixed contract for Rod Guillotine: term=2, termRemaining=2
2026-08-05 08:44:23 - floosball.playerManager - INFO - Fixed contract state for 192 players during team assignment
2026-08-05 08:44:23 - floosball.playerManager - INFO - Assigned 0 players to team rosters, 192 free agents identified
2026-08-05 08:44:23 - floosball.application - INFO - Draft check: 32/32 teams have empty rosters. Needs draft: True
2026-08-05 08:44:23 - floosball.application - INFO - Conducting initial draft...
2026-08-05 08:44:23 - floosball.playerManager - INFO - Starting initial player draft
2026-08-05 08:44:23 - floosball.playerManager - INFO - Draft complete: 0 undrafted players moved to free agency
2026-08-05 08:44:23 - floosball.playerManager - INFO - Draft complete. 192 players drafted, 192 free agents
2026-08-05 08:44:23 - floosball.application - INFO - Assigning personality traits...
2026-08-05 08:44:23 - floosball.application - INFO - Personality assigned: 384 players (120 base, 252 common variants, 12 rare variants), 0 quirked
2026-08-05 08:44:23 - floosball.application - INFO -   → rare variants in league: alien, dramatic, ghost, mystic, prophet
2026-08-05 08:44:23 - floosball.application - INFO - Initializing teams with rosters...
2026-08-05 08:44:23 - floosball.team_manager - INFO - Assigned offense tiers for all teams
2026-08-05 08:44:23 - floosball.team_manager - INFO - Sorted defense tiers for all teams
2026-08-05 08:44:23 - floosball.team_manager - INFO - Avatar pre-generation complete: 0 new, 32 cached
2026-08-05 08:44:23 - floosball.team_manager - INFO - Initialized 32 teams
2026-08-05 08:44:23 - floosball.application - INFO - Calculating initial ELO ratings...
2026-08-05 08:44:23 - floosball.team_manager - INFO - Calculating new ELO ratings for all teams
2026-08-05 08:44:23 - floosball.team_manager - INFO - ELO ratings updated for 32 teams (mean rating: 74)
2026-08-05 08:44:23 - floosball.playerManager - INFO - Saving player data to database
2026-08-05 08:44:24 - floosball.playerManager - INFO - Saved 192 players to database (192 active, 0 retired)
2026-08-05 08:44:24 - floosball.playerManager - INFO - Team assignment stats: 192 with teams, 0 free agents, 0 retired, 0 null teams, 0 errors
2026-08-05 08:44:24 - floosball.leagueManager - INFO - Saved league data for 2 leagues
2026-08-05 08:44:24 - floosball.team_manager - INFO - Saved 32 teams to database
2026-08-05 08:44:24 - floosball.record_manager - INFO - Saved 0 records to database
2026-08-05 08:44:24 - floosball.application - INFO - League initialization complete
2026-08-05 08:44:24 - floosball.api - INFO - FloosballApplication reference set in API
2026-08-05 08:44:24 - floosball.game_broadcaster - INFO - Game broadcasting ENABLED
2026-08-05 08:44:24 - floosball.api_server - INFO - Game broadcasting enabled
2026-08-05 08:44:24 - floosball.api_server - INFO - FloosballApplication initialized successfully
2026-08-05 08:44:24 - floosball.api_server - INFO - Starting API server on http://0.0.0.0:12000
2026-08-05 08:44:24 - floosball.api_server - INFO - API documentation: http://localhost:12000/docs
2026-08-05 08:44:24 - floosball.api_server - INFO - WebSocket endpoints:
2026-08-05 08:44:24 - floosball.api_server - INFO -   - ws://localhost:8000/ws/game/{game_id}
2026-08-05 08:44:24 - floosball.api_server - INFO -   - ws://localhost:8000/ws/season
2026-08-05 08:44:24 - floosball.api_server - INFO -   - ws://localhost:8000/ws/standings
2026-08-05 08:44:24 - floosball.api_server - INFO - ============================================================
2026-08-05 08:44:24 - floosball.application - INFO - Starting league simulation
2026-08-05 08:44:24 - floosball.application - INFO - Starting new simulation - 10 seasons
2026-08-05 08:44:24 - floosball.application - INFO - Simulating 10 seasons
2026-08-05 08:44:24 - floosball.application - INFO - === SEASON 1 ===
2026-08-05 08:44:24 - floosball.seasonManager - INFO - Starting season 1
2026-08-05 08:44:24 - floosball.leagueManager - INFO - Cleared season data for all leagues
2026-08-05 08:44:24 - floosball.team_manager - INFO - Cleared season stats for all teams
2026-08-05 08:44:24 - floosball.seasonManager - INFO - Creating season schedule using original algorithm
2026-08-05 08:44:24 - floosball.seasonManager - INFO - Divisional schedule: 7 division + 8 cross-division + 6 interleague + 7 division (run-in) = 28 weeks
2026-08-05 08:44:24 - floosball.seasonManager - INFO - Created 38-week schedule with 28 games
2026-08-05 08:44:24 - floosball.seasonManager - INFO - Funding tiers assigned for season 1: {'MID_MARKET': 32}
2026-08-05 08:44:24 - floosball.seasonManager - INFO - Initialized team funding for season 1 (baseline=200F)
2026-08-05 08:44:24 - floosball.team_manager - INFO - Setting prior-season pressure baselines for season 1
2026-08-05 08:44:24 - floosball.team_manager - INFO - Prior-season pressure baselines set
2026-08-05 08:44:24 - floosball.seasonManager - INFO - Parity re-map skipped — pool already on curve (14% 4-5-star)
2026-08-05 08:44:24 - floosball.cardManager - INFO - Generated 540 card templates for season 1 (540 classified)
2026-08-05 08:44:24 - floosball.seasonManager - INFO - Card template generation complete: 540 templates for season 1
2026-08-05 08:44:24 - floosball.playerManager - INFO - Rating history: snapshotted 192 new entries for season 1
2026-08-05 08:44:24 - floosball.playerManager - INFO - Saving player data to database
2026-08-05 08:44:24 - floosball.playerManager - INFO - Saved 192 players to database (192 active, 0 retired)
2026-08-05 08:44:24 - floosball.playerManager - INFO - Team assignment stats: 192 with teams, 0 free agents, 0 retired, 0 null teams, 0 errors
2026-08-05 08:44:24 - floosball.playerManager - INFO - Freeze legacy dev-arc (dryRun=False): 2 players, 3 attrs
2026-08-05 08:44:24 - floosball.seasonManager - INFO - Legacy dev-arc freeze complete: {'frozen': 2, 'attrsChanged': 3}
2026-08-05 08:44:24 - floosball.seasonManager - INFO - Saved season 1 to database
2026-08-05 08:44:24 - floosball.seasonManager - INFO - Season 1 initialized with 28 games
2026-08-05 08:44:24 - floosball.seasonManager - INFO - Running simulation for season 1
2026-08-05 08:44:24 - floosball.seasonManager - INFO - Opened game stats file: logs/game_stats_season_1.txt
2026-08-05 08:44:24 - floosball.seasonManager - INFO - Simulating Week 1 in fast mode
2026-08-05 08:44:24 - floosball.seasonManager - INFO - Weekly modifier for S1W1: Frenzy
2026-08-05 08:44:24 - floosball.seasonManager - INFO - Weekly modifier already set for S1W1: frenzy
2026-08-05 08:44:24 - floosball.seasonManager - INFO - Weekly modifier for S1W2: Longshot
2026-08-05 08:44:24 - floosball.seasonManager - INFO - Weekly modifier for S1W3: Amplify
2026-08-05 08:44:24 - floosball.seasonManager - INFO - Weekly modifier for S1W4: Fortunate
2026-08-05 08:44:24 - floosball.seasonManager - INFO - Weekly modifier for S1W5: Steady
2026-08-05 08:44:24 - floosball.seasonManager - INFO - Weekly modifier for S1W6: Grounded
2026-08-05 08:44:24 - floosball.seasonManager - INFO - Weekly modifier for S1W7: Synergy
2026-08-05 08:44:24 - floosball.rulevote - INFO - Rule vote OPEN: S1 day 0 kind=change options=[{'key': 'gf_frames_6', 'label': 'Frames (6, match play)', 'patch': {'gameFormat': 'frames', 'framesPerGame': 6}, 'field': None, 'value': None}, {'key': 'gf_chess_clock_30', 'label': 'Chess Clock (30:00 each)', 'patch': {'gameFormat': 'chess_clock', 'offenseClockBudgetSeconds': 1800}, 'field': None, 'value': None}, {'key': 'gf_innings_3', 'label': 'Innings (3, try-driven)', 'patch': {'gameFormat': 'innings', 'inningsPerGame': 3, 'triesPerInning': 3}, 'field': None, 'value': None}] closes=2026-08-05 12:45:24.514540
2026-08-05 08:44:24 - floosball.anomaly - INFO - Seeded LeagueAnomalyState season=1 threshold=1000000000 (hidden)
2026-08-05 08:44:24 - floosball.anomaly - INFO - Anomaly weekly tick complete — season 1, week 1
2026-08-05 08:44:24 - floosball.backup - INFO - DB backup loop: first in 300s, then every 24.0h, keeping 7.
2026-08-05 08:44:24 - floosball.api - INFO - Starting Floosball API server
2026-08-05 08:44:24 - floosball.game_broadcaster - INFO - Main event loop registered for cross-thread broadcasts
2026-08-05 08:44:24 - floosball.api - INFO - API server ready - waiting for FloosballApplication initialization
2026-08-05 08:44:26 - floosball.playerManager - INFO - Calculating performance ratings for week 1
2026-08-05 08:44:26 - floosball.playerManager - INFO - Performance ratings calculated for week 1
2026-08-05 08:44:26 - floosball.team_manager - INFO - Sorted defense tiers for all teams
2026-08-05 08:44:26 - floosball.seasonManager - INFO - Saved team season stats for season 1
2026-08-05 08:44:26 - floosball.playerManager - INFO - Saving player data to database
2026-08-05 08:44:26 - floosball.playerManager - INFO - Saved 192 players to database (192 active, 0 retired)
2026-08-05 08:44:26 - floosball.playerManager - INFO - Team assignment stats: 192 with teams, 0 free agents, 0 retired, 0 null teams, 0 errors
2026-08-05 08:44:26 - floosball.seasonManager - INFO - Showcase dividends paid to 0 users (S1 wk1)
2026-08-05 08:44:26 - floosball.supporter - INFO - Supporter accrual s1 w1: 0/0 fans credited
2026-08-05 08:44:26 - floosball.seasonManager - INFO - Pick-em resolved for S1W1: 0 users
2026-08-05 08:44:26 - floosball.seasonManager - INFO - Unlocked equipped cards for week 1
2026-08-05 08:44:26 - floosball.seasonManager - INFO - Simulating Week 2 in fast mode
2026-08-05 08:44:26 - floosball.seasonManager - INFO - Weekly modifier already set for S1W2: longshot
2026-08-05 08:44:26 - floosball.seasonManager - INFO - Weekly modifier already set for S1W1: frenzy
2026-08-05 08:44:26 - floosball.seasonManager - INFO - Weekly modifier already set for S1W2: longshot
2026-08-05 08:44:26 - floosball.seasonManager - INFO - Weekly modifier already set for S1W3: amplify
2026-08-05 08:44:26 - floosball.seasonManager - INFO - Weekly modifier already set for S1W4: fortunate
2026-08-05 08:44:26 - floosball.seasonManager - INFO - Weekly modifier already set for S1W5: steady
2026-08-05 08:44:26 - floosball.seasonManager - INFO - Weekly modifier already set for S1W6: grounded
2026-08-05 08:44:26 - floosball.seasonManager - INFO - Weekly modifier already set for S1W7: synergy
2026-08-05 08:44:26 - floosball.anomaly - INFO - Anomaly weekly tick complete — season 1, week 2
2026-08-05 08:44:26 - floosball.seasonManager - INFO - Memory cleanup: cleared play-by-play data from 16 completed games
2026-08-05 08:44:28 - floosball.playerManager - INFO - Calculating performance ratings for week 2
2026-08-05 08:44:28 - floosball.playerManager - INFO - Performance ratings calculated for week 2
2026-08-05 08:44:28 - floosball.team_manager - INFO - Sorted defense tiers for all teams
2026-08-05 08:44:28 - floosball.seasonManager - INFO - Saved team season stats for season 1
2026-08-05 08:44:28 - floosball.playerManager - INFO - Saving player data to database
2026-08-05 08:44:28 - floosball.playerManager - INFO - Saved 192 players to database (192 active, 0 retired)
2026-08-05 08:44:28 - floosball.playerManager - INFO - Team assignment stats: 192 with teams, 0 free agents, 0 retired, 0 null teams, 0 errors
2026-08-05 08:44:28 - floosball.seasonManager - INFO - Showcase dividends paid to 0 users (S1 wk2)
2026-08-05 08:44:28 - floosball.supporter - INFO - Supporter accrual s1 w2: 0/0 fans credited
2026-08-05 08:44:28 - floosball.seasonManager - INFO - Pick-em resolved for S1W2: 0 users
2026-08-05 08:44:28 - floosball.seasonManager - INFO - Unlocked equipped cards for week 2
2026-08-05 08:44:28 - floosball.seasonManager - INFO - Simulating Week 3 in fast mode
2026-08-05 08:44:28 - floosball.seasonManager - INFO - Weekly modifier already set for S1W3: amplify
2026-08-05 08:44:28 - floosball.seasonManager - INFO - Weekly modifier already set for S1W1: frenzy
2026-08-05 08:44:28 - floosball.seasonManager - INFO - Weekly modifier already set for S1W2: longshot
2026-08-05 08:44:28 - floosball.seasonManager - INFO - Weekly modifier already set for S1W3: amplify
2026-08-05 08:44:28 - floosball.seasonManager - INFO - Weekly modifier already set for S1W4: fortunate
2026-08-05 08:44:28 - floosball.seasonManager - INFO - Weekly modifier already set for S1W5: steady
2026-08-05 08:44:28 - floosball.seasonManager - INFO - Weekly modifier already set for S1W6: grounded
2026-08-05 08:44:28 - floosball.seasonManager - INFO - Weekly modifier already set for S1W7: synergy
2026-08-05 08:44:28 - floosball.anomaly - INFO - Anomaly weekly tick complete — season 1, week 3
2026-08-05 08:44:28 - floosball.seasonManager - INFO - Memory cleanup: cleared play-by-play data from 16 completed games
2026-08-05 08:44:29 - floosball.playerManager - INFO - Calculating performance ratings for week 3
2026-08-05 08:44:29 - floosball.playerManager - INFO - Performance ratings calculated for week 3
2026-08-05 08:44:29 - floosball.team_manager - INFO - Sorted defense tiers for all teams
2026-08-05 08:44:29 - floosball.seasonManager - INFO - Saved team season stats for season 1
2026-08-05 08:44:29 - floosball.playerManager - INFO - Saving player data to database
2026-08-05 08:44:30 - floosball.playerManager - INFO - Saved 192 players to database (192 active, 0 retired)
2026-08-05 08:44:30 - floosball.playerManager - INFO - Team assignment stats: 192 with teams, 0 free agents, 0 retired, 0 null teams, 0 errors
2026-08-05 08:44:30 - floosball.seasonManager - INFO - Showcase dividends paid to 0 users (S1 wk3)
2026-08-05 08:44:30 - floosball.supporter - INFO - Supporter accrual s1 w3: 0/0 fans credited
2026-08-05 08:44:30 - floosball.seasonManager - INFO - Pick-em resolved for S1W3: 0 users
2026-08-05 08:44:30 - floosball.seasonManager - INFO - Unlocked equipped cards for week 3
2026-08-05 08:44:30 - floosball.seasonManager - INFO - Simulating Week 4 in fast mode
2026-08-05 08:44:30 - floosball.seasonManager - INFO - Weekly modifier already set for S1W4: fortunate
2026-08-05 08:44:30 - floosball.seasonManager - INFO - Weekly modifier already set for S1W1: frenzy
2026-08-05 08:44:30 - floosball.seasonManager - INFO - Weekly modifier already set for S1W2: longshot
2026-08-05 08:44:30 - floosball.seasonManager - INFO - Weekly modifier already set for S1W3: amplify
2026-08-05 08:44:30 - floosball.seasonManager - INFO - Weekly modifier already set for S1W4: fortunate
2026-08-05 08:44:30 - floosball.seasonManager - INFO - Weekly modifier already set for S1W5: steady
2026-08-05 08:44:30 - floosball.seasonManager - INFO - Weekly modifier already set for S1W6: grounded
2026-08-05 08:44:30 - floosball.seasonManager - INFO - Weekly modifier already set for S1W7: synergy
2026-08-05 08:44:30 - floosball.anomaly - INFO - Anomaly weekly tick complete — season 1, week 4
2026-08-05 08:44:30 - floosball.seasonManager - INFO - Memory cleanup: cleared play-by-play data from 16 completed games
2026-08-05 08:44:31 - floosball.playerManager - INFO - Calculating performance ratings for week 4
2026-08-05 08:44:31 - floosball.playerManager - INFO - Performance ratings calculated for week 4
2026-08-05 08:44:31 - floosball.team_manager - INFO - Sorted defense tiers for all teams
2026-08-05 08:44:31 - floosball.seasonManager - INFO - Saved team season stats for season 1
2026-08-05 08:44:31 - floosball.playerManager - INFO - Saving player data to database
2026-08-05 08:44:31 - floosball.playerManager - INFO - Saved 192 players to database (192 active, 0 retired)
2026-08-05 08:44:31 - floosball.playerManager - INFO - Team assignment stats: 192 with teams, 0 free agents, 0 retired, 0 null teams, 0 errors
2026-08-05 08:44:31 - floosball.seasonManager - INFO - Showcase dividends paid to 0 users (S1 wk4)
2026-08-05 08:44:31 - floosball.supporter - INFO - Supporter accrual s1 w4: 0/0 fans credited
2026-08-05 08:44:31 - floosball.seasonManager - INFO - Pick-em resolved for S1W4: 0 users
2026-08-05 08:44:31 - floosball.seasonManager - INFO - Unlocked equipped cards for week 4
2026-08-05 08:44:31 - floosball.seasonManager - INFO - Simulating Week 5 in fast mode
2026-08-05 08:44:31 - floosball.seasonManager - INFO - Weekly modifier already set for S1W5: steady
2026-08-05 08:44:31 - floosball.seasonManager - INFO - Weekly modifier already set for S1W1: frenzy
2026-08-05 08:44:31 - floosball.seasonManager - INFO - Weekly modifier already set for S1W2: longshot
2026-08-05 08:44:31 - floosball.seasonManager - INFO - Weekly modifier already set for S1W3: amplify
2026-08-05 08:44:31 - floosball.seasonManager - INFO - Weekly modifier already set for S1W4: fortunate
2026-08-05 08:44:31 - floosball.seasonManager - INFO - Weekly modifier already set for S1W5: steady
2026-08-05 08:44:31 - floosball.seasonManager - INFO - Weekly modifier already set for S1W6: grounded
2026-08-05 08:44:31 - floosball.seasonManager - INFO - Weekly modifier already set for S1W7: synergy
2026-08-05 08:44:31 - floosball.anomaly - INFO - Anomaly weekly tick complete — season 1, week 5
2026-08-05 08:44:31 - floosball.seasonManager - INFO - Memory cleanup: cleared play-by-play data from 16 completed games
2026-08-05 08:44:33 - floosball.playerManager - INFO - Calculating performance ratings for week 5
2026-08-05 08:44:33 - floosball.playerManager - INFO - Performance ratings calculated for week 5
2026-08-05 08:44:33 - floosball.team_manager - INFO - Sorted defense tiers for all teams
2026-08-05 08:44:33 - floosball.seasonManager - INFO - Saved team season stats for season 1
2026-08-05 08:44:33 - floosball.playerManager - INFO - Saving player data to database
2026-08-05 08:44:33 - floosball.playerManager - INFO - Saved 192 players to database (192 active, 0 retired)
2026-08-05 08:44:33 - floosball.playerManager - INFO - Team assignment stats: 192 with teams, 0 free agents, 0 retired, 0 null teams, 0 errors
2026-08-05 08:44:33 - floosball.seasonManager - INFO - Showcase dividends paid to 0 users (S1 wk5)
2026-08-05 08:44:33 - floosball.supporter - INFO - Supporter accrual s1 w5: 0/0 fans credited
2026-08-05 08:44:33 - floosball.seasonManager - INFO - Pick-em resolved for S1W5: 0 users
2026-08-05 08:44:33 - floosball.seasonManager - INFO - Unlocked equipped cards for week 5
2026-08-05 08:44:33 - floosball.seasonManager - INFO - Simulating Week 6 in fast mode
2026-08-05 08:44:33 - floosball.seasonManager - INFO - Weekly modifier already set for S1W6: grounded
2026-08-05 08:44:33 - floosball.seasonManager - INFO - Weekly modifier already set for S1W1: frenzy
2026-08-05 08:44:33 - floosball.seasonManager - INFO - Weekly modifier already set for S1W2: longshot
2026-08-05 08:44:33 - floosball.seasonManager - INFO - Weekly modifier already set for S1W3: amplify
2026-08-05 08:44:33 - floosball.seasonManager - INFO - Weekly modifier already set for S1W4: fortunate
2026-08-05 08:44:33 - floosball.seasonManager - INFO - Weekly modifier already set for S1W5: steady
2026-08-05 08:44:33 - floosball.seasonManager - INFO - Weekly modifier already set for S1W6: grounded
2026-08-05 08:44:33 - floosball.seasonManager - INFO - Weekly modifier already set for S1W7: synergy
2026-08-05 08:44:33 - floosball.anomaly - INFO - Adaptive threshold locked (season=1, week=6): observed over-cap=0, plateauEst=0 -> threshold=120 (hidden)
2026-08-05 08:44:33 - floosball.anomaly - INFO - Anomaly weekly tick complete — season 1, week 6
2026-08-05 08:44:33 - floosball.seasonManager - INFO - Memory cleanup: cleared play-by-play data from 16 completed games
2026-08-05 08:44:34 - floosball.playerManager - INFO - Calculating performance ratings for week 6
2026-08-05 08:44:34 - floosball.playerManager - INFO - Performance ratings calculated for week 6
2026-08-05 08:44:34 - floosball.team_manager - INFO - Sorted defense tiers for all teams
2026-08-05 08:44:34 - floosball.seasonManager - INFO - Saved team season stats for season 1
2026-08-05 08:44:34 - floosball.playerManager - INFO - Saving player data to database
2026-08-05 08:44:35 - floosball.playerManager - INFO - Saved 192 players to database (192 active, 0 retired)
2026-08-05 08:44:35 - floosball.playerManager - INFO - Team assignment stats: 192 with teams, 0 free agents, 0 retired, 0 null teams, 0 errors
2026-08-05 08:44:35 - floosball.seasonManager - INFO - Showcase dividends paid to 0 users (S1 wk6)
2026-08-05 08:44:35 - floosball.supporter - INFO - Supporter accrual s1 w6: 0/0 fans credited
2026-08-05 08:44:35 - floosball.seasonManager - INFO - Pick-em resolved for S1W6: 0 users
2026-08-05 08:44:35 - floosball.seasonManager - INFO - Unlocked equipped cards for week 6
2026-08-05 08:44:35 - floosball.seasonManager - INFO - Simulating Week 7 in fast mode
2026-08-05 08:44:35 - floosball.seasonManager - INFO - Weekly modifier already set for S1W7: synergy
2026-08-05 08:44:35 - floosball.seasonManager - INFO - Weekly modifier already set for S1W1: frenzy
2026-08-05 08:44:35 - floosball.seasonManager - INFO - Weekly modifier already set for S1W2: longshot
2026-08-05 08:44:35 - floosball.seasonManager - INFO - Weekly modifier already set for S1W3: amplify
2026-08-05 08:44:35 - floosball.seasonManager - INFO - Weekly modifier already set for S1W4: fortunate
2026-08-05 08:44:35 - floosball.seasonManager - INFO - Weekly modifier already set for S1W5: steady
2026-08-05 08:44:35 - floosball.seasonManager - INFO - Weekly modifier already set for S1W6: grounded
2026-08-05 08:44:35 - floosball.seasonManager - INFO - Weekly modifier already set for S1W7: synergy
2026-08-05 08:44:35 - floosball.anomaly - INFO - Anomaly weekly tick complete — season 1, week 7
2026-08-05 08:44:35 - floosball.seasonManager - INFO - Memory cleanup: cleared play-by-play data from 16 completed games
2026-08-05 08:44:36 - floosball.playerManager - INFO - Calculating performance ratings for week 7
2026-08-05 08:44:36 - floosball.playerManager - INFO - Performance ratings calculated for week 7
2026-08-05 08:44:36 - floosball.team_manager - INFO - Sorted defense tiers for all teams
2026-08-05 08:44:36 - floosball.seasonManager - INFO - Saved team season stats for season 1
2026-08-05 08:44:36 - floosball.playerManager - INFO - Saving player data to database
2026-08-05 08:44:36 - floosball.playerManager - INFO - Saved 192 players to database (192 active, 0 retired)
2026-08-05 08:44:36 - floosball.playerManager - INFO - Team assignment stats: 192 with teams, 0 free agents, 0 retired, 0 null teams, 0 errors
2026-08-05 08:44:36 - floosball.seasonManager - INFO - Showcase dividends paid to 0 users (S1 wk7)
2026-08-05 08:44:36 - floosball.supporter - INFO - Supporter accrual s1 w7: 0/0 fans credited
2026-08-05 08:44:36 - floosball.seasonManager - INFO - Pick-em resolved for S1W7: 0 users
2026-08-05 08:44:36 - floosball.seasonManager - INFO - Unlocked equipped cards for week 7
2026-08-05 08:44:36 - floosball.seasonManager - INFO - Simulating Week 8 in fast mode
2026-08-05 08:44:36 - floosball.seasonManager - INFO - Weekly modifier for S1W8: Ironclad
2026-08-05 08:44:36 - floosball.seasonManager - INFO - Weekly modifier already set for S1W8: ironclad
2026-08-05 08:44:36 - floosball.seasonManager - INFO - Weekly modifier for S1W9: Payday
2026-08-05 08:44:36 - floosball.seasonManager - INFO - Weekly modifier for S1W10: Frenzy
2026-08-05 08:44:36 - floosball.seasonManager - INFO - Weekly modifier for S1W11: Grounded
2026-08-05 08:44:36 - floosball.seasonManager - INFO - Weekly modifier for S1W12: Longshot
2026-08-05 08:44:36 - floosball.seasonManager - INFO - Weekly modifier for S1W13: Amplify
2026-08-05 08:44:36 - floosball.seasonManager - INFO - Weekly modifier for S1W14: Fortunate
2026-08-05 08:44:36 - floosball.rulevote - INFO - Rule vote OPEN: S1 day 1 kind=change options=[{'key': 'clockStopsOnDeadBall', 'label': 'Clock stops on dead balls', 'patch': {'clockStopsOnDeadBall': False}, 'field': 'clockStopsOnDeadBall', 'value': False}, {'key': 'conversionLadderEnabled', 'label': 'Conversion Ladder', 'patch': {'conversionLadderEnabled': True}, 'field': 'conversionLadderEnabled', 'value': True}, {'key': 'fieldGoalPoints', 'label': 'Field goal points', 'patch': {'fieldGoalPoints': 3.6}, 'field': 'fieldGoalPoints', 'value': 3.6}, {'key': 'dc_70s_series', 'label': '70 seconds, resets each first down', 'patch': {'driveClockEnabled': True, 'driveClockUnit': 'seconds', 'driveClockReset': 'series', 'driveClockLimit': 70}, 'field': None, 'value': None}] closes=2026-08-05 12:45:36.669902
2026-08-05 08:44:36 - floosball.anomaly - INFO - Anomaly weekly tick complete — season 1, week 8
2026-08-05 08:44:36 - floosball.seasonManager - INFO - Memory cleanup: cleared play-by-play data from 16 completed games
2026-08-05 08:44:38 - floosball.playerManager - INFO - Calculating performance ratings for week 8
2026-08-05 08:44:38 - floosball.playerManager - INFO - Performance ratings calculated for week 8
2026-08-05 08:44:38 - floosball.team_manager - INFO - Sorted defense tiers for all teams
2026-08-05 08:44:38 - floosball.seasonManager - INFO - Saved team season stats for season 1
2026-08-05 08:44:38 - floosball.playerManager - INFO - Saving player data to database
2026-08-05 08:44:38 - floosball.playerManager - INFO - Saved 192 players to database (192 active, 0 retired)
2026-08-05 08:44:38 - floosball.playerManager - INFO - Team assignment stats: 192 with teams, 0 free agents, 0 retired, 0 null teams, 0 errors
2026-08-05 08:44:38 - floosball.seasonManager - INFO - Showcase dividends paid to 0 users (S1 wk8)
2026-08-05 08:44:38 - floosball.supporter - INFO - Supporter accrual s1 w8: 0/0 fans credited
2026-08-05 08:44:38 - floosball.seasonManager - INFO - Pick-em resolved for S1W8: 0 users
2026-08-05 08:44:38 - floosball.seasonManager - INFO - Unlocked equipped cards for week 8
2026-08-05 08:44:38 - floosball.seasonManager - INFO - Simulating Week 9 in fast mode
2026-08-05 08:44:38 - floosball.seasonManager - INFO - Weekly modifier already set for S1W9: payday
2026-08-05 08:44:38 - floosball.seasonManager - INFO - Weekly modifier already set for S1W8: ironclad
2026-08-05 08:44:38 - floosball.seasonManager - INFO - Weekly modifier already set for S1W9: payday
2026-08-05 08:44:38 - floosball.seasonManager - INFO - Weekly modifier already set for S1W10: frenzy
2026-08-05 08:44:38 - floosball.seasonManager - INFO - Weekly modifier already set for S1W11: grounded
2026-08-05 08:44:38 - floosball.seasonManager - INFO - Weekly modifier already set for S1W12: longshot
2026-08-05 08:44:38 - floosball.seasonManager - INFO - Weekly modifier already set for S1W13: amplify
2026-08-05 08:44:38 - floosball.seasonManager - INFO - Weekly modifier already set for S1W14: fortunate
2026-08-05 08:44:38 - floosball.anomaly - INFO - Anomaly weekly tick complete — season 1, week 9
2026-08-05 08:44:38 - floosball.seasonManager - INFO - Memory cleanup: cleared play-by-play data from 16 completed games
2026-08-05 08:44:39 - floosball.playerManager - INFO - Calculating performance ratings for week 9
2026-08-05 08:44:40 - floosball.playerManager - INFO - Performance ratings calculated for week 9
2026-08-05 08:44:40 - floosball.team_manager - INFO - Sorted defense tiers for all teams
2026-08-05 08:44:40 - floosball.seasonManager - INFO - Saved team season stats for season 1
2026-08-05 08:44:40 - floosball.playerManager - INFO - Saving player data to database
2026-08-05 08:44:40 - floosball.playerManager - INFO - Saved 192 players to database (192 active, 0 retired)
2026-08-05 08:44:40 - floosball.playerManager - INFO - Team assignment stats: 192 with teams, 0 free agents, 0 retired, 0 null teams, 0 errors
2026-08-05 08:44:40 - floosball.seasonManager - INFO - Showcase dividends paid to 0 users (S1 wk9)
2026-08-05 08:44:40 - floosball.supporter - INFO - Supporter accrual s1 w9: 0/0 fans credited
2026-08-05 08:44:40 - floosball.seasonManager - INFO - Pick-em resolved for S1W9: 0 users
2026-08-05 08:44:40 - floosball.seasonManager - INFO - Unlocked equipped cards for week 9
2026-08-05 08:44:40 - floosball.seasonManager - INFO - Simulating Week 10 in fast mode
2026-08-05 08:44:40 - floosball.seasonManager - INFO - Weekly modifier already set for S1W10: frenzy
2026-08-05 08:44:40 - floosball.seasonManager - INFO - Weekly modifier already set for S1W8: ironclad
2026-08-05 08:44:40 - floosball.seasonManager - INFO - Weekly modifier already set for S1W9: payday
2026-08-05 08:44:40 - floosball.seasonManager - INFO - Weekly modifier already set for S1W10: frenzy
2026-08-05 08:44:40 - floosball.seasonManager - INFO - Weekly modifier already set for S1W11: grounded
2026-08-05 08:44:40 - floosball.seasonManager - INFO - Weekly modifier already set for S1W12: longshot
2026-08-05 08:44:40 - floosball.seasonManager - INFO - Weekly modifier already set for S1W13: amplify
2026-08-05 08:44:40 - floosball.seasonManager - INFO - Weekly modifier already set for S1W14: fortunate
2026-08-05 08:44:40 - floosball.anomaly - INFO - Anomaly weekly tick complete — season 1, week 10
2026-08-05 08:44:40 - floosball.seasonManager - INFO - Memory cleanup: cleared play-by-play data from 16 completed games
2026-08-05 08:44:41 - floosball.playerManager - INFO - Calculating performance ratings for week 10
2026-08-05 08:44:41 - floosball.playerManager - INFO - Performance ratings calculated for week 10
2026-08-05 08:44:41 - floosball.team_manager - INFO - Sorted defense tiers for all teams
2026-08-05 08:44:41 - floosball.seasonManager - INFO - Saved team season stats for season 1
2026-08-05 08:44:41 - floosball.playerManager - INFO - Saving player data to database
2026-08-05 08:44:41 - floosball.playerManager - INFO - Saved 192 players to database (192 active, 0 retired)
2026-08-05 08:44:41 - floosball.playerManager - INFO - Team assignment stats: 192 with teams, 0 free agents, 0 retired, 0 null teams, 0 errors
2026-08-05 08:44:41 - floosball.seasonManager - INFO - Showcase dividends paid to 0 users (S1 wk10)
2026-08-05 08:44:41 - floosball.supporter - INFO - Supporter accrual s1 w10: 0/0 fans credited
2026-08-05 08:44:41 - floosball.seasonManager - INFO - Pick-em resolved for S1W10: 0 users
2026-08-05 08:44:41 - floosball.seasonManager - INFO - Unlocked equipped cards for week 10
2026-08-05 08:44:41 - floosball.seasonManager - INFO - Simulating Week 11 in fast mode
2026-08-05 08:44:41 - floosball.seasonManager - INFO - Weekly modifier already set for S1W11: grounded
2026-08-05 08:44:41 - floosball.seasonManager - INFO - Weekly modifier already set for S1W8: ironclad
2026-08-05 08:44:41 - floosball.seasonManager - INFO - Weekly modifier already set for S1W9: payday
2026-08-05 08:44:41 - floosball.seasonManager - INFO - Weekly modifier already set for S1W10: frenzy
2026-08-05 08:44:41 - floosball.seasonManager - INFO - Weekly modifier already set for S1W11: grounded
2026-08-05 08:44:41 - floosball.seasonManager - INFO - Weekly modifier already set for S1W12: longshot
2026-08-05 08:44:41 - floosball.seasonManager - INFO - Weekly modifier already set for S1W13: amplify
2026-08-05 08:44:41 - floosball.seasonManager - INFO - Weekly modifier already set for S1W14: fortunate
2026-08-05 08:44:41 - floosball.anomaly - INFO - Anomaly weekly tick complete — season 1, week 11
2026-08-05 08:44:41 - floosball.seasonManager - INFO - Memory cleanup: cleared play-by-play data from 16 completed games
2026-08-05 08:44:43 - floosball.playerManager - INFO - Calculating performance ratings for week 11
2026-08-05 08:44:43 - floosball.playerManager - INFO - Performance ratings calculated for week 11
2026-08-05 08:44:43 - floosball.team_manager - INFO - Sorted defense tiers for all teams
2026-08-05 08:44:43 - floosball.seasonManager - INFO - Saved team season stats for season 1
2026-08-05 08:44:43 - floosball.playerManager - INFO - Saving player data to database
2026-08-05 08:44:43 - floosball.playerManager - INFO - Saved 192 players to database (192 active, 0 retired)
2026-08-05 08:44:43 - floosball.playerManager - INFO - Team assignment stats: 192 with teams, 0 free agents, 0 retired, 0 null teams, 0 errors
2026-08-05 08:44:43 - floosball.seasonManager - INFO - Showcase dividends paid to 0 users (S1 wk11)
2026-08-05 08:44:43 - floosball.supporter - INFO - Supporter accrual s1 w11: 0/0 fans credited
2026-08-05 08:44:43 - floosball.seasonManager - INFO - Pick-em resolved for S1W11: 0 users
2026-08-05 08:44:43 - floosball.seasonManager - INFO - Unlocked equipped cards for week 11
2026-08-05 08:44:43 - floosball.seasonManager - INFO - Simulating Week 12 in fast mode
2026-08-05 08:44:43 - floosball.seasonManager - INFO - Weekly modifier already set for S1W12: longshot
2026-08-05 08:44:43 - floosball.seasonManager - INFO - Weekly modifier already set for S1W8: ironclad
2026-08-05 08:44:43 - floosball.seasonManager - INFO - Weekly modifier already set for S1W9: payday
2026-08-05 08:44:43 - floosball.seasonManager - INFO - Weekly modifier already set for S1W10: frenzy
2026-08-05 08:44:43 - floosball.seasonManager - INFO - Weekly modifier already set for S1W11: grounded
2026-08-05 08:44:43 - floosball.seasonManager - INFO - Weekly modifier already set for S1W12: longshot
2026-08-05 08:44:43 - floosball.seasonManager - INFO - Weekly modifier already set for S1W13: amplify
2026-08-05 08:44:43 - floosball.seasonManager - INFO - Weekly modifier already set for S1W14: fortunate
2026-08-05 08:44:43 - floosball.anomaly - INFO - Anomaly weekly tick complete — season 1, week 12
2026-08-05 08:44:43 - floosball.seasonManager - INFO - Memory cleanup: cleared play-by-play data from 16 completed games
2026-08-05 08:44:45 - floosball.playerManager - INFO - Calculating performance ratings for week 12
2026-08-05 08:44:45 - floosball.playerManager - INFO - Performance ratings calculated for week 12
2026-08-05 08:44:45 - floosball.team_manager - INFO - Sorted defense tiers for all teams
2026-08-05 08:44:45 - floosball.seasonManager - INFO - Saved team season stats for season 1
2026-08-05 08:44:45 - floosball.playerManager - INFO - Saving player data to database
2026-08-05 08:44:45 - floosball.playerManager - INFO - Saved 192 players to database (192 active, 0 retired)
2026-08-05 08:44:45 - floosball.playerManager - INFO - Team assignment stats: 192 with teams, 0 free agents, 0 retired, 0 null teams, 0 errors
2026-08-05 08:44:45 - floosball.seasonManager - INFO - Showcase dividends paid to 0 users (S1 wk12)
2026-08-05 08:44:45 - floosball.supporter - INFO - Supporter accrual s1 w12: 0/0 fans credited
2026-08-05 08:44:45 - floosball.seasonManager - INFO - Pick-em resolved for S1W12: 0 users
2026-08-05 08:44:45 - floosball.seasonManager - INFO - Unlocked equipped cards for week 12
2026-08-05 08:44:45 - floosball.seasonManager - INFO - Simulating Week 13 in fast mode
2026-08-05 08:44:45 - floosball.seasonManager - INFO - Weekly modifier already set for S1W13: amplify
2026-08-05 08:44:45 - floosball.seasonManager - INFO - Weekly modifier already set for S1W8: ironclad
2026-08-05 08:44:45 - floosball.seasonManager - INFO - Weekly modifier already set for S1W9: payday
2026-08-05 08:44:45 - floosball.seasonManager - INFO - Weekly modifier already set for S1W10: frenzy
2026-08-05 08:44:45 - floosball.seasonManager - INFO - Weekly modifier already set for S1W11: grounded
2026-08-05 08:44:45 - floosball.seasonManager - INFO - Weekly modifier already set for S1W12: longshot
2026-08-05 08:44:45 - floosball.seasonManager - INFO - Weekly modifier already set for S1W13: amplify
2026-08-05 08:44:45 - floosball.seasonManager - INFO - Weekly modifier already set for S1W14: fortunate
2026-08-05 08:44:45 - floosball.anomaly - INFO - Anomaly weekly tick complete — season 1, week 13
2026-08-05 08:44:45 - floosball.seasonManager - INFO - Memory cleanup: cleared play-by-play data from 16 completed games
2026-08-05 08:44:46 - floosball.playerManager - INFO - Calculating performance ratings for week 13
2026-08-05 08:44:46 - floosball.playerManager - INFO - Performance ratings calculated for week 13
2026-08-05 08:44:46 - floosball.team_manager - INFO - Sorted defense tiers for all teams
2026-08-05 08:44:46 - floosball.seasonManager - INFO - Saved team season stats for season 1
2026-08-05 08:44:46 - floosball.playerManager - INFO - Saving player data to database
2026-08-05 08:44:46 - floosball.playerManager - INFO - Saved 192 players to database (192 active, 0 retired)
2026-08-05 08:44:46 - floosball.playerManager - INFO - Team assignment stats: 192 with teams, 0 free agents, 0 retired, 0 null teams, 0 errors
2026-08-05 08:44:47 - floosball.seasonManager - INFO - Showcase dividends paid to 0 users (S1 wk13)
2026-08-05 08:44:47 - floosball.supporter - INFO - Supporter accrual s1 w13: 0/0 fans credited
2026-08-05 08:44:47 - floosball.seasonManager - INFO - Pick-em resolved for S1W13: 0 users
2026-08-05 08:44:47 - floosball.seasonManager - INFO - Unlocked equipped cards for week 13
2026-08-05 08:44:47 - floosball.seasonManager - INFO - Simulating Week 14 in fast mode
2026-08-05 08:44:47 - floosball.seasonManager - INFO - Weekly modifier already set for S1W14: fortunate
2026-08-05 08:44:47 - floosball.seasonManager - INFO - Weekly modifier already set for S1W8: ironclad
2026-08-05 08:44:47 - floosball.seasonManager - INFO - Weekly modifier already set for S1W9: payday
2026-08-05 08:44:47 - floosball.seasonManager - INFO - Weekly modifier already set for S1W10: frenzy
2026-08-05 08:44:47 - floosball.seasonManager - INFO - Weekly modifier already set for S1W11: grounded
2026-08-05 08:44:47 - floosball.seasonManager - INFO - Weekly modifier already set for S1W12: longshot
2026-08-05 08:44:47 - floosball.seasonManager - INFO - Weekly modifier already set for S1W13: amplify
2026-08-05 08:44:47 - floosball.seasonManager - INFO - Weekly modifier already set for S1W14: fortunate
2026-08-05 08:44:47 - floosball.anomaly - INFO - Anomaly weekly tick complete — season 1, week 14
2026-08-05 08:44:47 - floosball.seasonManager - INFO - Memory cleanup: cleared play-by-play data from 16 completed games
2026-08-05 08:44:48 - floosball.playerManager - INFO - Calculating performance ratings for week 14
2026-08-05 08:44:48 - floosball.playerManager - INFO - Performance ratings calculated for week 14
2026-08-05 08:44:48 - floosball.team_manager - INFO - Sorted defense tiers for all teams
2026-08-05 08:44:48 - floosball.seasonManager - INFO - Saved team season stats for season 1
2026-08-05 08:44:48 - floosball.playerManager - INFO - Saving player data to database
2026-08-05 08:44:48 - floosball.playerManager - INFO - Saved 192 players to database (192 active, 0 retired)
2026-08-05 08:44:48 - floosball.playerManager - INFO - Team assignment stats: 192 with teams, 0 free agents, 0 retired, 0 null teams, 0 errors
2026-08-05 08:44:48 - floosball.seasonManager - INFO - Showcase dividends paid to 0 users (S1 wk14)
2026-08-05 08:44:48 - floosball.supporter - INFO - Supporter accrual s1 w14: 0/0 fans credited
2026-08-05 08:44:48 - floosball.seasonManager - INFO - Pick-em resolved for S1W14: 0 users
2026-08-05 08:44:48 - floosball.seasonManager - INFO - Unlocked equipped cards for week 14
2026-08-05 08:44:48 - floosball.seasonManager - INFO - Simulating Week 15 in fast mode
2026-08-05 08:44:48 - floosball.seasonManager - INFO - Weekly modifier for S1W15: Ironclad
2026-08-05 08:44:48 - floosball.seasonManager - INFO - Weekly modifier already set for S1W15: ironclad
2026-08-05 08:44:48 - floosball.seasonManager - INFO - Weekly modifier for S1W16: Synergy
2026-08-05 08:44:48 - floosball.seasonManager - INFO - Weekly modifier for S1W17: Payday
2026-08-05 08:44:48 - floosball.seasonManager - INFO - Weekly modifier for S1W18: Steady
2026-08-05 08:44:48 - floosball.seasonManager - INFO - Weekly modifier for S1W19: Fortunate
2026-08-05 08:44:48 - floosball.seasonManager - INFO - Weekly modifier for S1W20: Frenzy
2026-08-05 08:44:48 - floosball.seasonManager - INFO - Weekly modifier for S1W21: Amplify
2026-08-05 08:44:48 - floosball.rulevote - INFO - Rule vote OPEN: S1 day 2 kind=change options=[{'key': 'fieldGoalPoints', 'label': 'Field goal points', 'patch': {'fieldGoalPoints': 2.7}, 'field': 'fieldGoalPoints', 'value': 2.7}, {'key': 'conversionLadderEnabled', 'label': 'Conversion Ladder', 'patch': {'conversionLadderEnabled': True}, 'field': 'conversionLadderEnabled', 'value': True}, {'key': 'scoringModel', 'label': 'How the score is shown', 'patch': {'scoringModel': 'spread'}, 'field': 'scoringModel', 'value': 'spread'}, {'key': 'contestedScoringEnabled', 'label': 'Contested Scoring', 'patch': {'contestedScoringEnabled': True}, 'field': 'contestedScoringEnabled', 'value': True}] closes=2026-08-05 12:45:48.684743
2026-08-05 08:44:48 - floosball.anomaly - INFO - Anomaly weekly tick complete — season 1, week 15
2026-08-05 08:44:48 - floosball.seasonManager - INFO - Memory cleanup: cleared play-by-play data from 16 completed games
2026-08-05 08:44:50 - floosball.playerManager - INFO - Calculating performance ratings for week 15
2026-08-05 08:44:50 - floosball.playerManager - INFO - Performance ratings calculated for week 15
2026-08-05 08:44:50 - floosball.team_manager - INFO - Sorted defense tiers for all teams
2026-08-05 08:44:50 - floosball.seasonManager - INFO - Saved team season stats for season 1
2026-08-05 08:44:50 - floosball.playerManager - INFO - Saving player data to database
2026-08-05 08:44:50 - floosball.playerManager - INFO - Saved 192 players to database (192 active, 0 retired)
2026-08-05 08:44:50 - floosball.playerManager - INFO - Team assignment stats: 192 with teams, 0 free agents, 0 retired, 0 null teams, 0 errors
2026-08-05 08:44:50 - floosball.seasonManager - INFO - Showcase dividends paid to 0 users (S1 wk15)
2026-08-05 08:44:50 - floosball.supporter - INFO - Supporter accrual s1 w15: 0/0 fans credited
2026-08-05 08:44:50 - floosball.seasonManager - INFO - Pick-em resolved for S1W15: 0 users
2026-08-05 08:44:50 - floosball.seasonManager - INFO - Unlocked equipped cards for week 15
2026-08-05 08:44:50 - floosball.seasonManager - INFO - Simulating Week 16 in fast mode
2026-08-05 08:44:50 - floosball.seasonManager - INFO - Weekly modifier already set for S1W16: synergy
2026-08-05 08:44:50 - floosball.seasonManager - INFO - Weekly modifier already set for S1W15: ironclad
2026-08-05 08:44:50 - floosball.seasonManager - INFO - Weekly modifier already set for S1W16: synergy
2026-08-05 08:44:50 - floosball.seasonManager - INFO - Weekly modifier already set for S1W17: payday
2026-08-05 08:44:50 - floosball.seasonManager - INFO - Weekly modifier already set for S1W18: steady
2026-08-05 08:44:50 - floosball.seasonManager - INFO - Weekly modifier already set for S1W19: fortunate
2026-08-05 08:44:50 - floosball.seasonManager - INFO - Weekly modifier already set for S1W20: frenzy
2026-08-05 08:44:50 - floosball.seasonManager - INFO - Weekly modifier already set for S1W21: amplify
2026-08-05 08:44:50 - floosball.anomaly - INFO - Anomaly weekly tick complete — season 1, week 16
2026-08-05 08:44:50 - floosball.seasonManager - INFO - Memory cleanup: cleared play-by-play data from 16 completed games
2026-08-05 08:44:51 - floosball.playerManager - INFO - Calculating performance ratings for week 16
2026-08-05 08:44:51 - floosball.playerManager - INFO - Performance ratings calculated for week 16
2026-08-05 08:44:51 - floosball.team_manager - INFO - Sorted defense tiers for all teams
2026-08-05 08:44:51 - floosball.seasonManager - INFO - Saved team season stats for season 1
2026-08-05 08:44:51 - floosball.playerManager - INFO - Saving player data to database
2026-08-05 08:44:52 - floosball.playerManager - INFO - Saved 192 players to database (192 active, 0 retired)
2026-08-05 08:44:52 - floosball.playerManager - INFO - Team assignment stats: 192 with teams, 0 free agents, 0 retired, 0 null teams, 0 errors
2026-08-05 08:44:52 - floosball.seasonManager - INFO - Showcase dividends paid to 0 users (S1 wk16)
2026-08-05 08:44:52 - floosball.supporter - INFO - Supporter accrual s1 w16: 0/0 fans credited
2026-08-05 08:44:52 - floosball.seasonManager - INFO - Pick-em resolved for S1W16: 0 users
2026-08-05 08:44:52 - floosball.seasonManager - INFO - Unlocked equipped cards for week 16
2026-08-05 08:44:52 - floosball.seasonManager - INFO - Simulating Week 17 in fast mode
2026-08-05 08:44:52 - floosball.seasonManager - INFO - Weekly modifier already set for S1W17: payday
2026-08-05 08:44:52 - floosball.seasonManager - INFO - Weekly modifier already set for S1W15: ironclad
2026-08-05 08:44:52 - floosball.seasonManager - INFO - Weekly modifier already set for S1W16: synergy
2026-08-05 08:44:52 - floosball.seasonManager - INFO - Weekly modifier already set for S1W17: payday
2026-08-05 08:44:52 - floosball.seasonManager - INFO - Weekly modifier already set for S1W18: steady
2026-08-05 08:44:52 - floosball.seasonManager - INFO - Weekly modifier already set for S1W19: fortunate
2026-08-05 08:44:52 - floosball.seasonManager - INFO - Weekly modifier already set for S1W20: frenzy
2026-08-05 08:44:52 - floosball.seasonManager - INFO - Weekly modifier already set for S1W21: amplify
2026-08-05 08:44:52 - floosball.anomaly - INFO - Anomaly weekly tick complete — season 1, week 17
2026-08-05 08:44:52 - floosball.seasonManager - INFO - Memory cleanup: cleared play-by-play data from 16 completed games
2026-08-05 08:44:53 - floosball.playerManager - INFO - Calculating performance ratings for week 17
2026-08-05 08:44:53 - floosball.playerManager - INFO - Performance ratings calculated for week 17
2026-08-05 08:44:53 - floosball.team_manager - INFO - Sorted defense tiers for all teams
2026-08-05 08:44:53 - floosball.seasonManager - INFO - Saved team season stats for season 1
2026-08-05 08:44:53 - floosball.playerManager - INFO - Saving player data to database
2026-08-05 08:44:53 - floosball.playerManager - INFO - Saved 192 players to database (192 active, 0 retired)
2026-08-05 08:44:53 - floosball.playerManager - INFO - Team assignment stats: 192 with teams, 0 free agents, 0 retired, 0 null teams, 0 errors
2026-08-05 08:44:53 - floosball.seasonManager - INFO - Showcase dividends paid to 0 users (S1 wk17)
2026-08-05 08:44:53 - floosball.supporter - INFO - Supporter accrual s1 w17: 0/0 fans credited
2026-08-05 08:44:53 - floosball.seasonManager - INFO - Pick-em resolved for S1W17: 0 users
2026-08-05 08:44:53 - floosball.seasonManager - INFO - Unlocked equipped cards for week 17
2026-08-05 08:44:53 - floosball.seasonManager - INFO - Simulating Week 18 in fast mode
2026-08-05 08:44:53 - floosball.seasonManager - INFO - Weekly modifier already set for S1W18: steady
2026-08-05 08:44:53 - floosball.seasonManager - INFO - Weekly modifier already set for S1W15: ironclad
2026-08-05 08:44:53 - floosball.seasonManager - INFO - Weekly modifier already set for S1W16: synergy
2026-08-05 08:44:53 - floosball.seasonManager - INFO - Weekly modifier already set for S1W17: payday
2026-08-05 08:44:53 - floosball.seasonManager - INFO - Weekly modifier already set for S1W18: steady
2026-08-05 08:44:53 - floosball.seasonManager - INFO - Weekly modifier already set for S1W19: fortunate
2026-08-05 08:44:53 - floosball.seasonManager - INFO - Weekly modifier already set for S1W20: frenzy
2026-08-05 08:44:53 - floosball.seasonManager - INFO - Weekly modifier already set for S1W21: amplify
2026-08-05 08:44:53 - floosball.anomaly - INFO - Anomaly weekly tick complete — season 1, week 18
2026-08-05 08:44:53 - floosball.seasonManager - INFO - Memory cleanup: cleared play-by-play data from 16 completed games
2026-08-05 08:44:55 - floosball.playerManager - INFO - Calculating performance ratings for week 18
2026-08-05 08:44:55 - floosball.playerManager - INFO - Performance ratings calculated for week 18
2026-08-05 08:44:55 - floosball.team_manager - INFO - Sorted defense tiers for all teams
2026-08-05 08:44:55 - floosball.seasonManager - INFO - Saved team season stats for season 1
2026-08-05 08:44:55 - floosball.playerManager - INFO - Saving player data to database
2026-08-05 08:44:55 - floosball.playerManager - INFO - Saved 192 players to database (192 active, 0 retired)
2026-08-05 08:44:55 - floosball.playerManager - INFO - Team assignment stats: 192 with teams, 0 free agents, 0 retired, 0 null teams, 0 errors
2026-08-05 08:44:55 - floosball.seasonManager - INFO - Showcase dividends paid to 0 users (S1 wk18)
2026-08-05 08:44:55 - floosball.supporter - INFO - Supporter accrual s1 w18: 0/0 fans credited
2026-08-05 08:44:55 - floosball.seasonManager - INFO - Pick-em resolved for S1W18: 0 users
2026-08-05 08:44:55 - floosball.seasonManager - INFO - Unlocked equipped cards for week 18
2026-08-05 08:44:55 - floosball.seasonManager - INFO - Simulating Week 19 in fast mode
2026-08-05 08:44:55 - floosball.seasonManager - INFO - Weekly modifier already set for S1W19: fortunate
2026-08-05 08:44:55 - floosball.seasonManager - INFO - Weekly modifier already set for S1W15: ironclad
2026-08-05 08:44:55 - floosball.seasonManager - INFO - Weekly modifier already set for S1W16: synergy
2026-08-05 08:44:55 - floosball.seasonManager - INFO - Weekly modifier already set for S1W17: payday
2026-08-05 08:44:55 - floosball.seasonManager - INFO - Weekly modifier already set for S1W18: steady
2026-08-05 08:44:55 - floosball.seasonManager - INFO - Weekly modifier already set for S1W19: fortunate
2026-08-05 08:44:55 - floosball.seasonManager - INFO - Weekly modifier already set for S1W20: frenzy
2026-08-05 08:44:55 - floosball.seasonManager - INFO - Weekly modifier already set for S1W21: amplify
2026-08-05 08:44:55 - floosball.anomaly - INFO - Anomaly weekly tick complete — season 1, week 19
2026-08-05 08:44:55 - floosball.seasonManager - INFO - Memory cleanup: cleared play-by-play data from 16 completed games
2026-08-05 08:44:57 - floosball.playerManager - INFO - Calculating performance ratings for week 19
2026-08-05 08:44:57 - floosball.playerManager - INFO - Performance ratings calculated for week 19
2026-08-05 08:44:57 - floosball.team_manager - INFO - Sorted defense tiers for all teams
2026-08-05 08:44:57 - floosball.seasonManager - INFO - Saved team season stats for season 1
2026-08-05 08:44:57 - floosball.playerManager - INFO - Saving player data to database
2026-08-05 08:44:57 - floosball.playerManager - INFO - Saved 192 players to database (192 active, 0 retired)
2026-08-05 08:44:57 - floosball.playerManager - INFO - Team assignment stats: 192 with teams, 0 free agents, 0 retired, 0 null teams, 0 errors
2026-08-05 08:44:57 - floosball.seasonManager - INFO - Showcase dividends paid to 0 users (S1 wk19)
2026-08-05 08:44:57 - floosball.supporter - INFO - Supporter accrual s1 w19: 0/0 fans credited
2026-08-05 08:44:57 - floosball.seasonManager - INFO - Pick-em resolved for S1W19: 0 users
2026-08-05 08:44:57 - floosball.seasonManager - INFO - Unlocked equipped cards for week 19
2026-08-05 08:44:57 - floosball.seasonManager - INFO - Simulating Week 20 in fast mode
2026-08-05 08:44:57 - floosball.seasonManager - INFO - Weekly modifier already set for S1W20: frenzy
2026-08-05 08:44:57 - floosball.seasonManager - INFO - Weekly modifier already set for S1W15: ironclad
2026-08-05 08:44:57 - floosball.seasonManager - INFO - Weekly modifier already set for S1W16: synergy
2026-08-05 08:44:57 - floosball.seasonManager - INFO - Weekly modifier already set for S1W17: payday
2026-08-05 08:44:57 - floosball.seasonManager - INFO - Weekly modifier already set for S1W18: steady
2026-08-05 08:44:57 - floosball.seasonManager - INFO - Weekly modifier already set for S1W19: fortunate
2026-08-05 08:44:57 - floosball.seasonManager - INFO - Weekly modifier already set for S1W20: frenzy
2026-08-05 08:44:57 - floosball.seasonManager - INFO - Weekly modifier already set for S1W21: amplify
2026-08-05 08:44:57 - floosball.anomaly - INFO - Anomaly weekly tick complete — season 1, week 20
2026-08-05 08:44:57 - floosball.seasonManager - INFO - Memory cleanup: cleared play-by-play data from 16 completed games
2026-08-05 08:44:58 - floosball.playerManager - INFO - Calculating performance ratings for week 20
2026-08-05 08:44:58 - floosball.playerManager - INFO - Performance ratings calculated for week 20
2026-08-05 08:44:58 - floosball.team_manager - INFO - Sorted defense tiers for all teams
2026-08-05 08:44:58 - floosball.seasonManager - INFO - Saved team season stats for season 1
2026-08-05 08:44:58 - floosball.playerManager - INFO - Saving player data to database
2026-08-05 08:44:59 - floosball.playerManager - INFO - Saved 192 players to database (192 active, 0 retired)
2026-08-05 08:44:59 - floosball.playerManager - INFO - Team assignment stats: 192 with teams, 0 free agents, 0 retired, 0 null teams, 0 errors
2026-08-05 08:44:59 - floosball.seasonManager - INFO - Showcase dividends paid to 0 users (S1 wk20)
2026-08-05 08:44:59 - floosball.supporter - INFO - Supporter accrual s1 w20: 0/0 fans credited
2026-08-05 08:44:59 - floosball.seasonManager - INFO - Pick-em resolved for S1W20: 0 users
2026-08-05 08:44:59 - floosball.seasonManager - INFO - Unlocked equipped cards for week 20
2026-08-05 08:44:59 - floosball.seasonManager - INFO - Simulating Week 21 in fast mode
2026-08-05 08:44:59 - floosball.seasonManager - INFO - Weekly modifier already set for S1W21: amplify
2026-08-05 08:44:59 - floosball.seasonManager - INFO - Weekly modifier already set for S1W15: ironclad
2026-08-05 08:44:59 - floosball.seasonManager - INFO - Weekly modifier already set for S1W16: synergy
2026-08-05 08:44:59 - floosball.seasonManager - INFO - Weekly modifier already set for S1W17: payday
2026-08-05 08:44:59 - floosball.seasonManager - INFO - Weekly modifier already set for S1W18: steady
2026-08-05 08:44:59 - floosball.seasonManager - INFO - Weekly modifier already set for S1W19: fortunate
2026-08-05 08:44:59 - floosball.seasonManager - INFO - Weekly modifier already set for S1W20: frenzy
2026-08-05 08:44:59 - floosball.seasonManager - INFO - Weekly modifier already set for S1W21: amplify
2026-08-05 08:44:59 - floosball.anomaly - INFO - Anomaly weekly tick complete — season 1, week 21
2026-08-05 08:44:59 - floosball.seasonManager - INFO - Memory cleanup: cleared play-by-play data from 16 completed games
2026-08-05 08:45:00 - floosball.playerManager - INFO - Calculating performance ratings for week 21
2026-08-05 08:45:00 - floosball.playerManager - INFO - Performance ratings calculated for week 21
2026-08-05 08:45:00 - floosball.team_manager - INFO - Sorted defense tiers for all teams
2026-08-05 08:45:00 - floosball.seasonManager - INFO - Saved team season stats for season 1
2026-08-05 08:45:00 - floosball.playerManager - INFO - Saving player data to database
2026-08-05 08:45:00 - floosball.playerManager - INFO - Saved 192 players to database (192 active, 0 retired)
2026-08-05 08:45:00 - floosball.playerManager - INFO - Team assignment stats: 192 with teams, 0 free agents, 0 retired, 0 null teams, 0 errors
2026-08-05 08:45:00 - floosball.seasonManager - INFO - Showcase dividends paid to 0 users (S1 wk21)
2026-08-05 08:45:00 - floosball.supporter - INFO - Supporter accrual s1 w21: 0/0 fans credited
2026-08-05 08:45:00 - floosball.seasonManager - INFO - Pick-em resolved for S1W21: 0 users
2026-08-05 08:45:00 - floosball.seasonManager - INFO - Unlocked equipped cards for week 21
2026-08-05 08:45:00 - floosball.seasonManager - INFO - Simulating Week 22 in fast mode
2026-08-05 08:45:00 - floosball.seasonManager - INFO - Weekly modifier for S1W22: Longshot
2026-08-05 08:45:00 - floosball.seasonManager - INFO - Weekly modifier already set for S1W22: longshot
2026-08-05 08:45:00 - floosball.seasonManager - INFO - Weekly modifier for S1W23: Synergy
2026-08-05 08:45:00 - floosball.seasonManager - INFO - Weekly modifier for S1W24: Ironclad
2026-08-05 08:45:00 - floosball.seasonManager - INFO - Weekly modifier for S1W25: Grounded
2026-08-05 08:45:00 - floosball.seasonManager - INFO - Weekly modifier for S1W26: Payday
2026-08-05 08:45:00 - floosball.seasonManager - INFO - Weekly modifier for S1W27: Steady
2026-08-05 08:45:00 - floosball.seasonManager - INFO - Weekly modifier for S1W28: Frenzy
2026-08-05 08:45:00 - floosball.rulevote - INFO - Rule vote: S1 day 3 (revert) — no candidates
2026-08-05 08:45:00 - floosball.anomaly - INFO - Anomaly weekly tick complete — season 1, week 22
2026-08-05 08:45:00 - floosball.seasonManager - INFO - Memory cleanup: cleared play-by-play data from 16 completed games
2026-08-05 08:45:00 - floosball.seasonManager - INFO - FA voting window opened mid-season — stays open through end of regular season
2026-08-05 08:45:00 - floosball.playerManager - INFO - Free agent retirements: 0 players retired
2026-08-05 08:45:00 - floosball.playerManager - INFO - Roster supply top-up: generated {'QB': 3, 'RB': 3, 'WR': 3, 'TE': 3, 'K': 3} (supply was { QB:32, RB:32, WR:64, TE:32, K:32 }, 32 teams, buffer 3)
2026-08-05 08:45:00 - floosball.seasonManager - INFO - Position supply top-up (week-22 supply check): +15 FAs — 3 QB, 3 RB, 3 WR, 3 TE, 3 K
2026-08-05 08:45:00 - floosball.playerManager - INFO - Saving player data to database
2026-08-05 08:45:00 - floosball.playerManager - INFO - Saved 207 players to database (207 active, 0 retired)
2026-08-05 08:45:00 - floosball.playerManager - INFO - Team assignment stats: 192 with teams, 15 free agents, 0 retired, 0 null teams, 0 errors
